-- phpMyAdmin SQL Dump
-- version 5.2.0
-- https://www.phpmyadmin.net/
--
-- Host: 127.0.0.1
-- Generation Time: Mar 17, 2023 at 11:31 AM
-- Server version: 10.4.25-MariaDB
-- PHP Version: 8.0.23

SET SQL_MODE = "NO_AUTO_VALUE_ON_ZERO";
START TRANSACTION;
SET time_zone = "+00:00";


/*!40101 SET @OLD_CHARACTER_SET_CLIENT=@@CHARACTER_SET_CLIENT */;
/*!40101 SET @OLD_CHARACTER_SET_RESULTS=@@CHARACTER_SET_RESULTS */;
/*!40101 SET @OLD_COLLATION_CONNECTION=@@COLLATION_CONNECTION */;
/*!40101 SET NAMES utf8mb4 */;

--
-- Database: `sips_furniture`
--

-- --------------------------------------------------------

--
-- Table structure for table `accounts_account`
--

CREATE TABLE `accounts_account` (
  `id` bigint(20) NOT NULL,
  `password` varchar(128) NOT NULL,
  `first_name` varchar(50) NOT NULL,
  `last_name` varchar(50) NOT NULL,
  `username` varchar(50) NOT NULL,
  `email` varchar(100) NOT NULL,
  `phone_number` varchar(50) NOT NULL,
  `date_joined` datetime(6) NOT NULL,
  `last_login` datetime(6) NOT NULL,
  `is_admin` tinyint(1) NOT NULL,
  `is_staff` tinyint(1) NOT NULL,
  `is_active` tinyint(1) NOT NULL,
  `is_superadmin` tinyint(1) NOT NULL
) ENGINE=InnoDB DEFAULT CHARSET=utf8mb4;

--
-- Dumping data for table `accounts_account`
--

INSERT INTO `accounts_account` (`id`, `password`, `first_name`, `last_name`, `username`, `email`, `phone_number`, `date_joined`, `last_login`, `is_admin`, `is_staff`, `is_active`, `is_superadmin`) VALUES
(1, 'pbkdf2_sha256$260000$NTR7HEoXOvycY1I1boDG6v$yB4JLmHNvJEPlBqR+N8yeRyqLJwoIbkQ6MoBb1BIS8c=', 'Simeon', 'Mwangi', 'msimeon937', 'msimeon937@gmail.com', '+254704662432', '2022-11-10 11:24:38.465009', '2023-03-17 07:32:22.302851', 1, 1, 1, 1),
(2, 'pbkdf2_sha256$260000$7MGHC2s3ILkn6AEfdWKZ2U$wDgV+cAk3YibkAAT/8tGAA8Nt5OSi0PLLhDZIH4nxhw=', 'Ranja', 'Calvin', 'ranjacalvin', 'ranjacalvin@gmail.com', '0726646600', '2022-11-17 20:28:40.900183', '2022-12-20 07:55:36.719200', 1, 1, 1, 1),
(3, 'pbkdf2_sha256$260000$nNlLPUS8MoUl0diJMlJMHI$O64K5tEXDB930ySmTpZTp937/53qjA5NmJNd+8VvXzs=', 'James', 'Kibe', 'James Kibe', 'kibsfor2030@gmail.com', '0720650146', '2022-12-31 09:41:55.622972', '2023-02-10 13:19:29.022642', 1, 1, 1, 1);

-- --------------------------------------------------------

--
-- Table structure for table `accounts_userprofile`
--

CREATE TABLE `accounts_userprofile` (
  `id` bigint(20) NOT NULL,
  `address_line_1` varchar(100) NOT NULL,
  `address_line_2` varchar(100) NOT NULL,
  `profile_picture` varchar(100) NOT NULL,
  `county` varchar(20) NOT NULL,
  `subcounty` varchar(20) NOT NULL,
  `user_id` bigint(20) NOT NULL
) ENGINE=InnoDB DEFAULT CHARSET=utf8mb4;

--
-- Dumping data for table `accounts_userprofile`
--

INSERT INTO `accounts_userprofile` (`id`, `address_line_1`, `address_line_2`, `profile_picture`, `county`, `subcounty`, `user_id`) VALUES
(1, '20117', '', 'userprofile/istockphoto-171348534-612x612-removebg-preview.png', 'Nakuru', 'Kenya', 1);

-- --------------------------------------------------------

--
-- Table structure for table `auth_group`
--

CREATE TABLE `auth_group` (
  `id` int(11) NOT NULL,
  `name` varchar(150) NOT NULL
) ENGINE=InnoDB DEFAULT CHARSET=utf8mb4;

-- --------------------------------------------------------

--
-- Table structure for table `auth_group_permissions`
--

CREATE TABLE `auth_group_permissions` (
  `id` int(11) NOT NULL,
  `group_id` int(11) NOT NULL,
  `permission_id` int(11) NOT NULL
) ENGINE=InnoDB DEFAULT CHARSET=utf8mb4;

-- --------------------------------------------------------

--
-- Table structure for table `auth_permission`
--

CREATE TABLE `auth_permission` (
  `id` int(11) NOT NULL,
  `name` varchar(255) NOT NULL,
  `content_type_id` int(11) NOT NULL,
  `codename` varchar(100) NOT NULL
) ENGINE=InnoDB DEFAULT CHARSET=utf8mb4;

--
-- Dumping data for table `auth_permission`
--

INSERT INTO `auth_permission` (`id`, `name`, `content_type_id`, `codename`) VALUES
(1, 'Can add log entry', 1, 'add_logentry'),
(2, 'Can change log entry', 1, 'change_logentry'),
(3, 'Can delete log entry', 1, 'delete_logentry'),
(4, 'Can view log entry', 1, 'view_logentry'),
(5, 'Can add permission', 2, 'add_permission'),
(6, 'Can change permission', 2, 'change_permission'),
(7, 'Can delete permission', 2, 'delete_permission'),
(8, 'Can view permission', 2, 'view_permission'),
(9, 'Can add group', 3, 'add_group'),
(10, 'Can change group', 3, 'change_group'),
(11, 'Can delete group', 3, 'delete_group'),
(12, 'Can view group', 3, 'view_group'),
(13, 'Can add content type', 4, 'add_contenttype'),
(14, 'Can change content type', 4, 'change_contenttype'),
(15, 'Can delete content type', 4, 'delete_contenttype'),
(16, 'Can view content type', 4, 'view_contenttype'),
(17, 'Can add session', 5, 'add_session'),
(18, 'Can change session', 5, 'change_session'),
(19, 'Can delete session', 5, 'delete_session'),
(20, 'Can view session', 5, 'view_session'),
(21, 'Can add account', 6, 'add_account'),
(22, 'Can change account', 6, 'change_account'),
(23, 'Can delete account', 6, 'delete_account'),
(24, 'Can view account', 6, 'view_account'),
(25, 'Can add user profile', 7, 'add_userprofile'),
(26, 'Can change user profile', 7, 'change_userprofile'),
(27, 'Can delete user profile', 7, 'delete_userprofile'),
(28, 'Can view user profile', 7, 'view_userprofile'),
(29, 'Can add category', 8, 'add_category'),
(30, 'Can change category', 8, 'change_category'),
(31, 'Can delete category', 8, 'delete_category'),
(32, 'Can view category', 8, 'view_category'),
(33, 'Can add product', 9, 'add_product'),
(34, 'Can change product', 9, 'change_product'),
(35, 'Can delete product', 9, 'delete_product'),
(36, 'Can view product', 9, 'view_product'),
(37, 'Can add variation', 10, 'add_variation'),
(38, 'Can change variation', 10, 'change_variation'),
(39, 'Can delete variation', 10, 'delete_variation'),
(40, 'Can view variation', 10, 'view_variation'),
(41, 'Can add review rating', 11, 'add_reviewrating'),
(42, 'Can change review rating', 11, 'change_reviewrating'),
(43, 'Can delete review rating', 11, 'delete_reviewrating'),
(44, 'Can view review rating', 11, 'view_reviewrating'),
(45, 'Can add Product Gallery', 12, 'add_productgallery'),
(46, 'Can change Product Gallery', 12, 'change_productgallery'),
(47, 'Can delete Product Gallery', 12, 'delete_productgallery'),
(48, 'Can view Product Gallery', 12, 'view_productgallery'),
(49, 'Can add Marketing Image', 13, 'add_marketingimages'),
(50, 'Can change Marketing Image', 13, 'change_marketingimages'),
(51, 'Can delete Marketing Image', 13, 'delete_marketingimages'),
(52, 'Can view Marketing Image', 13, 'view_marketingimages'),
(53, 'Can add sub_ category', 14, 'add_sub_category'),
(54, 'Can change sub_ category', 14, 'change_sub_category'),
(55, 'Can delete sub_ category', 14, 'delete_sub_category'),
(56, 'Can view sub_ category', 14, 'view_sub_category'),
(57, 'Can add cart', 15, 'add_cart'),
(58, 'Can change cart', 15, 'change_cart'),
(59, 'Can delete cart', 15, 'delete_cart'),
(60, 'Can view cart', 15, 'view_cart'),
(61, 'Can add cart item', 16, 'add_cartitem'),
(62, 'Can change cart item', 16, 'change_cartitem'),
(63, 'Can delete cart item', 16, 'delete_cartitem'),
(64, 'Can view cart item', 16, 'view_cartitem'),
(65, 'Can add order', 17, 'add_order'),
(66, 'Can change order', 17, 'change_order'),
(67, 'Can delete order', 17, 'delete_order'),
(68, 'Can view order', 17, 'view_order'),
(69, 'Can add payment', 18, 'add_payment'),
(70, 'Can change payment', 18, 'change_payment'),
(71, 'Can delete payment', 18, 'delete_payment'),
(72, 'Can view payment', 18, 'view_payment'),
(73, 'Can add Order Product', 19, 'add_orderproduct'),
(74, 'Can change Order Product', 19, 'change_orderproduct'),
(75, 'Can delete Order Product', 19, 'delete_orderproduct'),
(76, 'Can view Order Product', 19, 'view_orderproduct'),
(77, 'Can add Wish List', 20, 'add_wishlist'),
(78, 'Can change Wish List', 20, 'change_wishlist'),
(79, 'Can delete Wish List', 20, 'delete_wishlist'),
(80, 'Can view Wish List', 20, 'view_wishlist'),
(81, 'Can add Mpesa Payment', 21, 'add_mpesapayment'),
(82, 'Can change Mpesa Payment', 21, 'change_mpesapayment'),
(83, 'Can delete Mpesa Payment', 21, 'delete_mpesapayment'),
(84, 'Can view Mpesa Payment', 21, 'view_mpesapayment'),
(85, 'Can add Mpesa Payment CallBack', 22, 'add_mpesapaymentcallback'),
(86, 'Can change Mpesa Payment CallBack', 22, 'change_mpesapaymentcallback'),
(87, 'Can delete Mpesa Payment CallBack', 22, 'delete_mpesapaymentcallback'),
(88, 'Can view Mpesa Payment CallBack', 22, 'view_mpesapaymentcallback'),
(89, 'Can add Contact', 23, 'add_contactus'),
(90, 'Can change Contact', 23, 'change_contactus'),
(91, 'Can delete Contact', 23, 'delete_contactus'),
(92, 'Can view Contact', 23, 'view_contactus'),
(93, 'Can add help center', 24, 'add_helpcenter'),
(94, 'Can change help center', 24, 'change_helpcenter'),
(95, 'Can delete help center', 24, 'delete_helpcenter'),
(96, 'Can view help center', 24, 'view_helpcenter'),
(97, 'Can add blog post', 25, 'add_blogpost'),
(98, 'Can change blog post', 25, 'change_blogpost'),
(99, 'Can delete blog post', 25, 'delete_blogpost'),
(100, 'Can view blog post', 25, 'view_blogpost'),
(101, 'Can add blog author', 26, 'add_blogauthor'),
(102, 'Can change blog author', 26, 'change_blogauthor'),
(103, 'Can delete blog author', 26, 'delete_blogauthor'),
(104, 'Can view blog author', 26, 'view_blogauthor'),
(105, 'Can add newsletter', 27, 'add_newsletter'),
(106, 'Can change newsletter', 27, 'change_newsletter'),
(107, 'Can delete newsletter', 27, 'delete_newsletter'),
(108, 'Can view newsletter', 27, 'view_newsletter'),
(109, 'Can add youtube video', 28, 'add_youtubevideo'),
(110, 'Can change youtube video', 28, 'change_youtubevideo'),
(111, 'Can delete youtube video', 28, 'delete_youtubevideo'),
(112, 'Can view youtube video', 28, 'view_youtubevideo'),
(113, 'Can add comments', 29, 'add_comments'),
(114, 'Can change comments', 29, 'change_comments'),
(115, 'Can delete comments', 29, 'delete_comments'),
(116, 'Can view comments', 29, 'view_comments'),
(117, 'Can add social urls', 30, 'add_socialurls'),
(118, 'Can change social urls', 30, 'change_socialurls'),
(119, 'Can delete social urls', 30, 'delete_socialurls'),
(120, 'Can view social urls', 30, 'view_socialurls'),
(121, 'Can add Social Url', 31, 'add_socialmedia'),
(122, 'Can change Social Url', 31, 'change_socialmedia'),
(123, 'Can delete Social Url', 31, 'delete_socialmedia'),
(124, 'Can view Social Url', 31, 'view_socialmedia'),
(125, 'Can add Social Media', 32, 'add_socials'),
(126, 'Can change Social Media', 32, 'change_socials'),
(127, 'Can delete Social Media', 32, 'delete_socials'),
(128, 'Can view Social Media', 32, 'view_socials'),
(129, 'Can add Pay On Delivery', 33, 'add_pay_on_delivery'),
(130, 'Can change Pay On Delivery', 33, 'change_pay_on_delivery'),
(131, 'Can delete Pay On Delivery', 33, 'delete_pay_on_delivery'),
(132, 'Can view Pay On Delivery', 33, 'view_pay_on_delivery');

-- --------------------------------------------------------

--
-- Table structure for table `blog_blogauthor`
--

CREATE TABLE `blog_blogauthor` (
  `id` bigint(20) NOT NULL,
  `created_at` datetime(6) NOT NULL,
  `updated_at` datetime(6) NOT NULL,
  `author_name` varchar(200) NOT NULL,
  `author_image` varchar(100) NOT NULL,
  `about_author` longtext NOT NULL
) ENGINE=InnoDB DEFAULT CHARSET=utf8mb4;

-- --------------------------------------------------------

--
-- Table structure for table `blog_blogpost`
--

CREATE TABLE `blog_blogpost` (
  `id` bigint(20) NOT NULL,
  `created_at` datetime(6) NOT NULL,
  `updated_at` datetime(6) NOT NULL,
  `title` varchar(200) NOT NULL,
  `slug` varchar(200) NOT NULL,
  `blog_intro` longtext NOT NULL,
  `blog_description` longtext NOT NULL,
  `cover_image` varchar(100) NOT NULL,
  `featured` tinyint(1) NOT NULL,
  `published` tinyint(1) NOT NULL,
  `author_id` bigint(20) NOT NULL
) ENGINE=InnoDB DEFAULT CHARSET=utf8mb4;

-- --------------------------------------------------------

--
-- Table structure for table `blog_comments`
--

CREATE TABLE `blog_comments` (
  `id` bigint(20) NOT NULL,
  `created_at` datetime(6) NOT NULL,
  `updated_at` datetime(6) NOT NULL,
  `name` varchar(50) NOT NULL,
  `email` varchar(254) NOT NULL,
  `content` longtext NOT NULL,
  `status` tinyint(1) NOT NULL,
  `blog_id` bigint(20) NOT NULL
) ENGINE=InnoDB DEFAULT CHARSET=utf8mb4;

-- --------------------------------------------------------

--
-- Table structure for table `blog_helpcenter`
--

CREATE TABLE `blog_helpcenter` (
  `id` bigint(20) NOT NULL,
  `created_at` datetime(6) NOT NULL,
  `updated_at` datetime(6) NOT NULL,
  `question` varchar(100) NOT NULL,
  `description` longtext NOT NULL,
  `user_id` bigint(20) NOT NULL
) ENGINE=InnoDB DEFAULT CHARSET=utf8mb4;

-- --------------------------------------------------------

--
-- Table structure for table `blog_newsletter`
--

CREATE TABLE `blog_newsletter` (
  `id` bigint(20) NOT NULL,
  `created_at` datetime(6) NOT NULL,
  `updated_at` datetime(6) NOT NULL,
  `email` varchar(254) DEFAULT NULL
) ENGINE=InnoDB DEFAULT CHARSET=utf8mb4;

-- --------------------------------------------------------

--
-- Table structure for table `blog_youtubevideo`
--

CREATE TABLE `blog_youtubevideo` (
  `id` bigint(20) NOT NULL,
  `created_at` datetime(6) NOT NULL,
  `updated_at` datetime(6) NOT NULL,
  `youtube_url` varchar(400) NOT NULL
) ENGINE=InnoDB DEFAULT CHARSET=utf8mb4;

-- --------------------------------------------------------

--
-- Table structure for table `carts_cart`
--

CREATE TABLE `carts_cart` (
  `id` bigint(20) NOT NULL,
  `cart_id` varchar(250) NOT NULL,
  `date_added` date NOT NULL
) ENGINE=InnoDB DEFAULT CHARSET=utf8mb4;

--
-- Dumping data for table `carts_cart`
--

INSERT INTO `carts_cart` (`id`, `cart_id`, `date_added`) VALUES
(1, 'c3x9bz99fzpxfatr70k6yx5su69nz664', '2022-11-14'),
(2, 'i5vgth6k1ib4gt6xplcpmeit11oyiife', '2022-11-14'),
(3, '6igisguzsd3lmilb5ha8p7h3xeqy46ua', '2023-01-24'),
(4, 'wuwv2cl5h7bkjbfv4kxdog96luj8c1lc', '2023-02-09');

-- --------------------------------------------------------

--
-- Table structure for table `carts_cartitem`
--

CREATE TABLE `carts_cartitem` (
  `id` bigint(20) NOT NULL,
  `quantity` int(11) NOT NULL,
  `is_active` tinyint(1) NOT NULL,
  `cart_id` bigint(20) DEFAULT NULL,
  `product_id` bigint(20) NOT NULL,
  `user_id` bigint(20) DEFAULT NULL
) ENGINE=InnoDB DEFAULT CHARSET=utf8mb4;

--
-- Dumping data for table `carts_cartitem`
--

INSERT INTO `carts_cartitem` (`id`, `quantity`, `is_active`, `cart_id`, `product_id`, `user_id`) VALUES
(1, 1, 1, 4, 37, 3);

-- --------------------------------------------------------

--
-- Table structure for table `carts_cartitem_variations`
--

CREATE TABLE `carts_cartitem_variations` (
  `id` int(11) NOT NULL,
  `cartitem_id` bigint(20) NOT NULL,
  `variation_id` bigint(20) NOT NULL
) ENGINE=InnoDB DEFAULT CHARSET=utf8mb4;

-- --------------------------------------------------------

--
-- Table structure for table `category_category`
--

CREATE TABLE `category_category` (
  `id` bigint(20) NOT NULL,
  `category_name` varchar(50) NOT NULL,
  `slug` varchar(100) NOT NULL,
  `category_image` varchar(100) NOT NULL,
  `created_at` datetime(6) NOT NULL
) ENGINE=InnoDB DEFAULT CHARSET=utf8mb4;

--
-- Dumping data for table `category_category`
--

INSERT INTO `category_category` (`id`, `category_name`, `slug`, `category_image`, `created_at`) VALUES
(1, 'Office', 'office', 'photos/categories/1.png', '2022-11-10 12:54:47.335866'),
(2, 'Outdoor', 'outdoor', 'photos/categories/2.png', '2022-11-10 12:55:04.041220'),
(3, 'Home Decor', 'home-decor', 'photos/categories/3.png', '2022-11-10 13:00:12.736805'),
(4, 'Interior', 'interior', 'photos/categories/4.png', '2022-11-11 07:25:08.858113'),
(5, 'sofa', 'sofa', '', '2022-12-30 16:59:08.625811');

-- --------------------------------------------------------

--
-- Table structure for table `contact_contactus`
--

CREATE TABLE `contact_contactus` (
  `id` bigint(20) NOT NULL,
  `created_at` datetime(6) NOT NULL,
  `updated_at` datetime(6) NOT NULL,
  `name` varchar(100) NOT NULL,
  `email` varchar(100) NOT NULL,
  `message` longtext NOT NULL,
  `phone` varchar(100) NOT NULL
) ENGINE=InnoDB DEFAULT CHARSET=utf8mb4;

-- --------------------------------------------------------

--
-- Table structure for table `contact_socials`
--

CREATE TABLE `contact_socials` (
  `id` bigint(20) NOT NULL,
  `created_at` datetime(6) NOT NULL,
  `updated_at` datetime(6) NOT NULL,
  `name` varchar(200) NOT NULL,
  `url` varchar(200) NOT NULL
) ENGINE=InnoDB DEFAULT CHARSET=utf8mb4;

--
-- Dumping data for table `contact_socials`
--

INSERT INTO `contact_socials` (`id`, `created_at`, `updated_at`, `name`, `url`) VALUES
(1, '2022-11-11 09:35:24.606479', '2022-11-11 09:35:24.606479', 'facebook', 'https://www.facebook.com/sipssolutions'),
(2, '2022-11-11 09:35:33.592798', '2022-11-11 09:35:33.592798', 'twitter', ''),
(3, '2022-11-11 09:36:02.843105', '2022-11-11 09:36:02.843105', 'linkedin', ''),
(4, '2022-11-11 09:36:11.514711', '2022-11-11 09:36:11.514711', 'instagram', ''),
(5, '2022-11-11 09:36:24.185415', '2022-11-11 09:36:24.185415', 'youtube', ''),
(6, '2022-11-11 09:36:39.075372', '2022-11-11 09:36:39.075372', 'tiktok', '');

-- --------------------------------------------------------

--
-- Table structure for table `django_admin_log`
--

CREATE TABLE `django_admin_log` (
  `id` int(11) NOT NULL,
  `action_time` datetime(6) NOT NULL,
  `object_id` longtext DEFAULT NULL,
  `object_repr` varchar(200) NOT NULL,
  `action_flag` smallint(5) UNSIGNED NOT NULL,
  `change_message` longtext NOT NULL,
  `content_type_id` int(11) DEFAULT NULL,
  `user_id` bigint(20) NOT NULL
) ENGINE=InnoDB DEFAULT CHARSET=utf8mb4;

--
-- Dumping data for table `django_admin_log`
--

INSERT INTO `django_admin_log` (`id`, `action_time`, `object_id`, `object_repr`, `action_flag`, `change_message`, `content_type_id`, `user_id`) VALUES
(1, '2022-11-10 12:54:47.716242', '1', 'Office', 1, '[{\"added\": {}}]', 8, 1),
(2, '2022-11-10 12:55:04.070291', '2', 'Outdoor', 1, '[{\"added\": {}}]', 8, 1),
(3, '2022-11-10 13:00:12.755833', '3', 'Home Decor', 1, '[{\"added\": {}}]', 8, 1),
(4, '2022-11-10 13:05:40.545064', '1', 'Waiting Chairs', 1, '[{\"added\": {}}]', 14, 1),
(5, '2022-11-10 13:06:04.761116', '2', 'Executive Desks', 1, '[{\"added\": {}}]', 14, 1),
(6, '2022-11-10 13:06:33.381536', '3', 'Executive Chairs', 1, '[{\"added\": {}}]', 14, 1),
(7, '2022-11-10 13:07:28.086572', '4', 'Workstation', 1, '[{\"added\": {}}]', 14, 1),
(8, '2022-11-10 13:08:14.244871', '5', 'Visitor\'s Seats', 1, '[{\"added\": {}}]', 14, 1),
(9, '2022-11-10 13:09:15.074441', '6', 'Boardroom Set', 1, '[{\"added\": {}}]', 14, 1),
(10, '2022-11-10 13:19:10.730412', '1', 'Product 001', 1, '[{\"added\": {}}]', 9, 1),
(11, '2022-11-10 13:21:59.213427', '2', 'Product-002', 1, '[{\"added\": {}}]', 9, 1),
(12, '2022-11-10 13:23:57.457052', '3', 'Product-003', 1, '[{\"added\": {}}]', 9, 1),
(13, '2022-11-10 13:25:19.090448', '4', 'Product-004', 1, '[{\"added\": {}}]', 9, 1),
(14, '2022-11-10 13:27:30.839124', '5', 'Product 005', 1, '[{\"added\": {}}]', 9, 1),
(15, '2022-11-10 13:28:04.250869', '5', 'Product 005', 2, '[{\"changed\": {\"fields\": [\"Sub category\"]}}]', 9, 1),
(16, '2022-11-10 13:29:54.876669', '6', 'Product 006', 1, '[{\"added\": {}}]', 9, 1),
(17, '2022-11-10 13:31:45.537629', '7', 'Product 007', 1, '[{\"added\": {}}]', 9, 1),
(18, '2022-11-10 13:33:21.269793', '8', 'Product 008', 1, '[{\"added\": {}}]', 9, 1),
(19, '2022-11-10 13:34:36.967369', '9', 'Product 009', 1, '[{\"added\": {}}]', 9, 1),
(20, '2022-11-10 13:35:37.538525', '10', 'Product 010', 1, '[{\"added\": {}}]', 9, 1),
(21, '2022-11-10 13:37:39.342466', '11', 'Product 011', 1, '[{\"added\": {}}]', 9, 1),
(22, '2022-11-10 13:38:45.655804', '12', 'Product 012', 1, '[{\"added\": {}}]', 9, 1),
(23, '2022-11-10 13:40:01.158283', '13', 'Product 013', 1, '[{\"added\": {}}]', 9, 1),
(24, '2022-11-10 13:41:13.830475', '14', 'Product 014', 1, '[{\"added\": {}}]', 9, 1),
(25, '2022-11-10 13:45:44.941759', '15', 'Product 015', 1, '[{\"added\": {}}]', 9, 1),
(26, '2022-11-10 13:47:39.733205', '16', 'Product 016', 1, '[{\"added\": {}}]', 9, 1),
(27, '2022-11-10 13:47:55.631041', '15', 'Product 015', 2, '[{\"changed\": {\"fields\": [\"Photo main\"]}}]', 9, 1),
(28, '2022-11-10 13:50:20.503600', '5', 'Visitor\'s Seats', 3, '', 14, 1),
(29, '2022-11-10 13:52:47.012326', '17', 'Product 017', 1, '[{\"added\": {}}]', 9, 1),
(30, '2022-11-10 13:54:15.817823', '18', 'Product 018', 1, '[{\"added\": {}}]', 9, 1),
(31, '2022-11-11 06:54:36.726401', '19', 'Product 019', 1, '[{\"added\": {}}]', 9, 1),
(32, '2022-11-11 06:54:54.912502', '7', 'Swings', 1, '[{\"added\": {}}]', 14, 1),
(33, '2022-11-11 06:55:33.816021', '20', 'Product 020', 1, '[{\"added\": {}}]', 9, 1),
(34, '2022-11-11 06:56:13.974086', '8', 'Dining Set', 1, '[{\"added\": {}}]', 14, 1),
(35, '2022-11-11 06:57:06.458301', '21', 'Product 021', 1, '[{\"added\": {}}]', 9, 1),
(36, '2022-11-11 06:57:58.913188', '9', 'Cabinet', 1, '[{\"added\": {}}]', 14, 1),
(37, '2022-11-11 06:58:45.980876', '9', 'Files Cabinet', 2, '[{\"changed\": {\"fields\": [\"Sub category name\", \"Slug\"]}}]', 14, 1),
(38, '2022-11-11 06:59:36.458657', '22', 'Product 022', 1, '[{\"added\": {}}]', 9, 1),
(39, '2022-11-11 07:01:01.126517', '23', 'Product 024', 1, '[{\"added\": {}}]', 9, 1),
(40, '2022-11-11 07:02:27.682335', '10', 'Coffee Table', 1, '[{\"added\": {}}]', 14, 1),
(41, '2022-11-11 07:03:29.956523', '24', 'Product 025', 1, '[{\"added\": {}}]', 9, 1),
(42, '2022-11-11 07:04:13.853415', '11', 'Outdoor Table', 1, '[{\"added\": {}}]', 14, 1),
(43, '2022-11-11 07:05:16.701329', '25', 'Product 026', 1, '[{\"added\": {}}]', 9, 1),
(44, '2022-11-11 07:06:22.405496', '26', 'Product 027', 1, '[{\"added\": {}}]', 9, 1),
(45, '2022-11-11 07:09:46.903837', '12', 'Stool', 1, '[{\"added\": {}}]', 14, 1),
(46, '2022-11-11 07:10:37.613729', '27', 'Product 028', 1, '[{\"added\": {}}]', 9, 1),
(47, '2022-11-11 07:11:07.376046', '13', 'Tv Stands', 1, '[{\"added\": {}}]', 14, 1),
(48, '2022-11-11 07:12:35.406939', '28', 'Product 029', 1, '[{\"added\": {}}]', 9, 1),
(49, '2022-11-11 07:14:46.145658', '14', 'Outdoor Sofa', 1, '[{\"added\": {}}]', 14, 1),
(50, '2022-11-11 07:16:39.623141', '29', 'Product 030', 1, '[{\"added\": {}}]', 9, 1),
(51, '2022-11-11 07:19:13.224290', '15', 'Dressing Table', 1, '[{\"added\": {}}]', 14, 1),
(52, '2022-11-11 07:21:38.483772', '30', 'Product 031', 1, '[{\"added\": {}}]', 9, 1),
(53, '2022-11-11 07:23:13.257851', '16', 'Beach Bed', 1, '[{\"added\": {}}]', 14, 1),
(54, '2022-11-11 07:24:43.827584', '31', 'Product 032', 1, '[{\"added\": {}}]', 9, 1),
(55, '2022-11-11 07:25:08.907895', '4', 'Games', 1, '[{\"added\": {}}]', 8, 1),
(56, '2022-11-11 07:25:27.361302', '17', 'Pool Table', 1, '[{\"added\": {}}]', 14, 1),
(57, '2022-11-11 07:27:23.069969', '32', 'Product 033', 1, '[{\"added\": {}}]', 9, 1),
(58, '2022-11-11 07:29:43.536409', '18', 'Counter Seats', 1, '[{\"added\": {}}]', 14, 1),
(59, '2022-11-11 07:30:35.844040', '33', 'Product 034', 1, '[{\"added\": {}}]', 9, 1),
(60, '2022-11-11 07:31:03.312538', '19', 'Outdoor Shade', 1, '[{\"added\": {}}]', 14, 1),
(61, '2022-11-11 07:31:51.414972', '34', 'Product 035', 1, '[{\"added\": {}}]', 9, 1),
(62, '2022-11-11 08:23:58.368310', '1', 'SocialUrls object (1)', 1, '[{\"added\": {}}]', 30, 1),
(63, '2022-11-11 08:47:49.271054', '1', 'SocialUrls object (1)', 3, '', 30, 1),
(64, '2022-11-11 08:47:55.805556', '2', 'SocialUrls object (2)', 1, '[{\"added\": {}}]', 30, 1),
(65, '2022-11-11 09:29:39.017597', '1', 'SocialMedia object (1)', 1, '[{\"added\": {}}]', 31, 1),
(66, '2022-11-11 09:32:26.603523', '1', 'SocialMedia object (1)', 3, '', 31, 1),
(67, '2022-11-11 09:35:24.649013', '1', 'Socials object (1)', 1, '[{\"added\": {}}]', 32, 1),
(68, '2022-11-11 09:35:33.624718', '2', 'Socials object (2)', 1, '[{\"added\": {}}]', 32, 1),
(69, '2022-11-11 09:36:02.894978', '3', 'Socials object (3)', 1, '[{\"added\": {}}]', 32, 1),
(70, '2022-11-11 09:36:11.554709', '4', 'Socials object (4)', 1, '[{\"added\": {}}]', 32, 1),
(71, '2022-11-11 09:36:24.204867', '5', 'Socials object (5)', 1, '[{\"added\": {}}]', 32, 1),
(72, '2022-11-11 09:36:39.434548', '6', 'Socials object (6)', 1, '[{\"added\": {}}]', 32, 1),
(73, '2022-11-11 10:57:28.781138', '4', 'Games', 2, '[{\"changed\": {\"fields\": [\"Category image\"]}}]', 8, 1),
(74, '2022-11-11 10:57:42.081287', '3', 'Home Decor', 2, '[{\"changed\": {\"fields\": [\"Category image\"]}}]', 8, 1),
(75, '2022-11-11 10:57:52.861496', '2', 'Outdoor', 2, '[{\"changed\": {\"fields\": [\"Category image\"]}}]', 8, 1),
(76, '2022-11-11 10:58:02.403809', '1', 'Office', 2, '[{\"changed\": {\"fields\": [\"Category image\"]}}]', 8, 1),
(77, '2022-11-11 11:34:56.053030', '1', 'msimeon937@gmail.com', 2, '[{\"changed\": {\"fields\": [\"Phone number\"]}}]', 6, 1),
(78, '2022-11-12 07:21:36.771183', '1', 'MarketingImages object (1)', 1, '[{\"added\": {}}]', 13, 1),
(79, '2022-11-12 07:58:45.065462', '2', 'MarketingImages object (2)', 1, '[{\"added\": {}}]', 13, 1),
(80, '2022-11-12 07:58:58.185892', '3', 'MarketingImages object (3)', 1, '[{\"added\": {}}]', 13, 1),
(81, '2022-11-12 07:59:10.463739', '4', 'MarketingImages object (4)', 1, '[{\"added\": {}}]', 13, 1),
(82, '2022-11-14 06:43:00.602508', '20', 'Product 020', 2, '[{\"added\": {\"name\": \"variation\", \"object\": \"Black\"}}, {\"added\": {\"name\": \"variation\", \"object\": \"White\"}}, {\"added\": {\"name\": \"variation\", \"object\": \"lg\"}}, {\"added\": {\"name\": \"variation\", \"object\": \"xlg\"}}]', 9, 1),
(83, '2022-12-20 07:57:05.172771', '2', 'ranjacalvin@gmail.com', 2, '[{\"changed\": {\"fields\": [\"Is admin\", \"Is staff\", \"Is superadmin\"]}}]', 6, 1),
(84, '2022-12-30 16:58:46.957567', '4', 'Interior', 2, '[{\"changed\": {\"fields\": [\"Category name\", \"Slug\"]}}]', 8, 1),
(85, '2022-12-30 16:59:08.689770', '5', 'sofa', 1, '[{\"added\": {}}]', 8, 1),
(86, '2022-12-30 17:28:21.796337', '34', 'Product 035', 2, '[{\"changed\": {\"fields\": [\"Flash sales\", \"Most viewed\"]}}]', 9, 1),
(87, '2022-12-30 17:28:45.890637', '32', 'Product 033', 2, '[{\"changed\": {\"fields\": [\"Flash sales\", \"Most viewed\", \"Color your world\"]}}]', 9, 1),
(88, '2022-12-30 17:29:10.778422', '25', 'Product 026', 2, '[{\"changed\": {\"fields\": [\"In store offers\", \"Most viewed\"]}}]', 9, 1),
(89, '2022-12-30 17:29:39.442932', '27', 'Product 028', 2, '[{\"changed\": {\"fields\": [\"In store offers\", \"Most viewed\"]}}]', 9, 1),
(90, '2022-12-30 17:30:04.786448', '23', 'Product 024', 2, '[{\"changed\": {\"fields\": [\"Most viewed\", \"New arrival\", \"Color your world\"]}}]', 9, 1),
(91, '2022-12-30 17:30:32.240126', '21', 'Product 021', 2, '[{\"changed\": {\"fields\": [\"Flash sales\", \"Most viewed\", \"Color your world\"]}}]', 9, 1),
(92, '2022-12-30 17:31:04.359764', '20', 'Product 020', 2, '[{\"changed\": {\"fields\": [\"In store offers\", \"New arrival\", \"Color your world\"]}}]', 9, 1),
(93, '2022-12-30 17:31:28.998965', '19', 'Product 019', 2, '[{\"changed\": {\"fields\": [\"Flash sales\", \"Most viewed\", \"New arrival\"]}}]', 9, 1),
(94, '2022-12-30 17:31:56.151623', '26', 'Product 027', 2, '[{\"changed\": {\"fields\": [\"Most viewed\", \"New arrival\", \"Color your world\"]}}]', 9, 1),
(95, '2022-12-30 17:32:19.760432', '13', 'Product 013', 2, '[{\"changed\": {\"fields\": [\"Flash sales\", \"New arrival\", \"Color your world\"]}}]', 9, 1),
(96, '2022-12-30 17:32:58.815740', '1', 'Product 001', 2, '[{\"changed\": {\"fields\": [\"In store offers\", \"New arrival\", \"Color your world\"]}}]', 9, 1),
(97, '2022-12-30 17:33:21.391920', '3', 'Product-003', 2, '[{\"changed\": {\"fields\": [\"In store offers\", \"New arrival\"]}}]', 9, 1),
(98, '2022-12-30 17:33:58.333917', '4', 'Product-004', 2, '[{\"changed\": {\"fields\": [\"In store offers\", \"Most viewed\"]}}]', 9, 1),
(99, '2022-12-30 17:34:57.217766', '11', 'Product 011', 2, '[{\"changed\": {\"fields\": [\"Most viewed\", \"New arrival\"]}}]', 9, 1),
(100, '2022-12-30 17:35:24.548973', '16', 'Product 016', 2, '[{\"changed\": {\"fields\": [\"In store offers\", \"Color your world\"]}}]', 9, 1),
(101, '2022-12-31 09:19:03.258999', '34', 'Product 035', 3, '', 9, 1),
(102, '2022-12-31 09:19:03.265732', '33', 'Product 034', 3, '', 9, 1),
(103, '2022-12-31 09:19:03.268156', '32', 'Product 033', 3, '', 9, 1),
(104, '2022-12-31 09:20:59.625427', '31', 'Product 032', 3, '', 9, 1),
(105, '2022-12-31 09:20:59.628399', '30', 'Product 031', 3, '', 9, 1),
(106, '2022-12-31 09:20:59.631100', '29', 'Product 030', 3, '', 9, 1),
(107, '2022-12-31 09:20:59.633638', '28', 'Product 029', 3, '', 9, 1),
(108, '2022-12-31 09:20:59.635961', '27', 'Product 028', 3, '', 9, 1),
(109, '2022-12-31 09:20:59.638119', '26', 'Product 027', 3, '', 9, 1),
(110, '2022-12-31 09:20:59.640136', '25', 'Product 026', 3, '', 9, 1),
(111, '2022-12-31 09:20:59.641858', '24', 'Product 025', 3, '', 9, 1),
(112, '2022-12-31 09:20:59.643550', '23', 'Product 024', 3, '', 9, 1),
(113, '2022-12-31 09:20:59.645603', '22', 'Product 022', 3, '', 9, 1),
(114, '2022-12-31 09:20:59.677911', '21', 'Product 021', 3, '', 9, 1),
(115, '2022-12-31 09:20:59.682910', '20', 'Product 020', 3, '', 9, 1),
(116, '2022-12-31 09:20:59.690545', '19', 'Product 019', 3, '', 9, 1),
(117, '2022-12-31 09:20:59.692959', '18', 'Product 018', 3, '', 9, 1),
(118, '2022-12-31 09:20:59.702633', '17', 'Product 017', 3, '', 9, 1),
(119, '2022-12-31 09:20:59.715433', '16', 'Product 016', 3, '', 9, 1),
(120, '2022-12-31 09:20:59.719207', '15', 'Product 015', 3, '', 9, 1),
(121, '2022-12-31 09:20:59.722030', '14', 'Product 014', 3, '', 9, 1),
(122, '2022-12-31 09:20:59.726331', '13', 'Product 013', 3, '', 9, 1),
(123, '2022-12-31 09:20:59.728873', '12', 'Product 012', 3, '', 9, 1),
(124, '2022-12-31 09:20:59.735057', '11', 'Product 011', 3, '', 9, 1),
(125, '2022-12-31 09:20:59.737587', '10', 'Product 010', 3, '', 9, 1),
(126, '2022-12-31 09:20:59.739589', '9', 'Product 009', 3, '', 9, 1),
(127, '2022-12-31 09:20:59.775008', '8', 'Product 008', 3, '', 9, 1),
(128, '2022-12-31 09:20:59.779244', '7', 'Product 007', 3, '', 9, 1),
(129, '2022-12-31 09:20:59.789939', '6', 'Product 006', 3, '', 9, 1),
(130, '2022-12-31 09:20:59.794565', '5', 'Product 005', 3, '', 9, 1),
(131, '2022-12-31 09:20:59.829417', '4', 'Product-004', 3, '', 9, 1),
(132, '2022-12-31 09:20:59.834254', '3', 'Product-003', 3, '', 9, 1),
(133, '2022-12-31 09:20:59.837126', '2', 'Product-002', 3, '', 9, 1),
(134, '2022-12-31 09:21:38.265663', '1', 'Product 001', 3, '', 9, 1),
(135, '2022-12-31 09:41:55.627812', '3', '', 1, '[{\"added\": {}}]', 6, 1),
(136, '2022-12-31 09:42:50.226255', '3', 'kibsfor2030@gmail.com', 2, '[{\"changed\": {\"fields\": [\"First name\", \"Last name\", \"Email\", \"Phone number\", \"Is admin\", \"Is staff\", \"Is active\", \"Is superadmin\"]}}]', 6, 1),
(137, '2022-12-31 09:47:41.176290', '35', 'Executive Office Desk 1.8m', 1, '[{\"added\": {}}, {\"added\": {\"name\": \"Product Gallery\", \"object\": \"Executive Office Desk 1.8m\"}}, {\"added\": {\"name\": \"variation\", \"object\": \"1.4\"}}]', 9, 3),
(138, '2022-12-31 09:49:10.693295', '35', 'Executive Office Desk 1.8m', 3, '', 9, 1),
(139, '2022-12-31 09:50:16.839711', '19', 'Outdoor Shade', 3, '', 14, 1),
(140, '2022-12-31 09:50:16.843936', '18', 'Counter Seats', 3, '', 14, 1),
(141, '2022-12-31 09:50:16.846711', '17', 'Pool Table', 3, '', 14, 1),
(142, '2022-12-31 09:50:16.849114', '16', 'Beach Bed', 3, '', 14, 1),
(143, '2022-12-31 09:50:16.851474', '15', 'Dressing Table', 3, '', 14, 1),
(144, '2022-12-31 09:50:16.853748', '14', 'Outdoor Sofa', 3, '', 14, 1),
(145, '2022-12-31 09:50:16.855913', '13', 'Tv Stands', 3, '', 14, 1),
(146, '2022-12-31 09:50:16.858107', '12', 'Stool', 3, '', 14, 1),
(147, '2022-12-31 09:50:16.860524', '11', 'Outdoor Table', 3, '', 14, 1),
(148, '2022-12-31 09:50:16.862662', '10', 'Coffee Table', 3, '', 14, 1),
(149, '2022-12-31 09:50:16.864902', '9', 'Files Cabinet', 3, '', 14, 1),
(150, '2022-12-31 09:50:16.867167', '8', 'Dining Set', 3, '', 14, 1),
(151, '2022-12-31 09:50:16.870153', '7', 'Swings', 3, '', 14, 1),
(152, '2022-12-31 09:50:16.872121', '6', 'Boardroom Set', 3, '', 14, 1),
(153, '2022-12-31 09:50:16.874099', '4', 'Workstation', 3, '', 14, 1),
(154, '2022-12-31 09:50:16.876430', '3', 'Executive Chairs', 3, '', 14, 1),
(155, '2022-12-31 09:50:16.878978', '2', 'Executive Desks', 3, '', 14, 1),
(156, '2022-12-31 09:50:16.883438', '1', 'Waiting Chairs', 3, '', 14, 1),
(157, '2022-12-31 09:51:31.342769', '20', 'Executive Desks', 1, '[{\"added\": {}}]', 14, 3),
(158, '2022-12-31 09:52:48.061844', '21', 'Office Chairs', 1, '[{\"added\": {}}]', 14, 3),
(159, '2022-12-31 09:53:10.206660', '22', 'Office Cabinets', 1, '[{\"added\": {}}]', 14, 3),
(160, '2022-12-31 09:53:31.385234', '23', 'Waiting Area Seats', 1, '[{\"added\": {}}]', 14, 3),
(161, '2022-12-31 09:53:49.474184', '24', 'Office Desks', 1, '[{\"added\": {}}]', 14, 3),
(162, '2022-12-31 09:54:16.832296', '25', 'Office Carpets', 1, '[{\"added\": {}}]', 14, 3),
(163, '2022-12-31 09:55:28.496208', '26', 'Reception Desks', 1, '[{\"added\": {}}]', 14, 3),
(164, '2022-12-31 09:56:33.121606', '27', 'Office Coffee Table', 1, '[{\"added\": {}}]', 14, 3),
(165, '2022-12-31 09:58:50.790090', '28', 'Swings', 1, '[{\"added\": {}}]', 14, 3),
(166, '2022-12-31 19:06:15.015450', '29', 'Outdoor Sofas', 1, '[{\"added\": {}}]', 14, 3),
(167, '2023-01-01 09:35:53.903448', '36', '66', 1, '[{\"added\": {}}]', 9, 1),
(168, '2023-01-02 03:06:19.090890', '37', 'Outdoor Swing', 1, '[{\"added\": {}}, {\"added\": {\"name\": \"Product Gallery\", \"object\": \"Outdoor Swing\"}}]', 9, 3),
(169, '2023-01-02 07:55:58.058120', '38', 'Office Chairs Fx', 1, '[{\"added\": {}}]', 9, 3),
(170, '2023-01-02 07:56:27.923721', '36', '66', 3, '', 9, 3),
(171, '2023-01-02 07:57:53.405640', '39', 'Office Visitors Chair', 1, '[{\"added\": {}}]', 9, 3),
(172, '2023-01-02 11:18:42.269515', '30', 'Outdoor Chairs', 1, '[{\"added\": {}}]', 14, 3),
(173, '2023-01-02 11:25:24.498835', '40', 'Black Outdoor Chairs', 1, '[{\"added\": {}}]', 9, 3),
(174, '2023-01-02 11:27:29.241297', '31', 'Coffee Tables', 1, '[{\"added\": {}}]', 14, 3),
(175, '2023-01-02 11:31:38.105655', '32', 'Tv Stands', 1, '[{\"added\": {}}]', 14, 3),
(176, '2023-01-02 11:32:00.746397', '33', 'Dining Sets', 1, '[{\"added\": {}}]', 14, 3),
(177, '2023-01-02 11:32:20.031166', '34', 'Shoe Racks', 1, '[{\"added\": {}}]', 14, 3),
(178, '2023-01-02 11:32:42.452900', '35', 'Study Tables and Chairs', 1, '[{\"added\": {}}]', 14, 3),
(179, '2023-01-02 11:33:28.554945', '36', 'Dressing Tables & Mirrors', 1, '[{\"added\": {}}]', 14, 3),
(180, '2023-01-02 11:33:47.549245', '37', 'Kitchen Cabinets', 1, '[{\"added\": {}}]', 14, 3),
(181, '2023-01-02 11:34:11.667561', '38', 'Kitchen Counter Seats', 1, '[{\"added\": {}}]', 14, 3),
(182, '2023-01-02 11:34:33.198488', '39', 'Beds & Mattresses', 1, '[{\"added\": {}}]', 14, 3),
(183, '2023-01-02 11:35:09.813673', '40', 'Living Room Swings', 1, '[{\"added\": {}}]', 14, 3),
(184, '2023-01-02 11:35:35.022456', '41', 'Kids Study Desks', 1, '[{\"added\": {}}]', 14, 3),
(185, '2023-01-02 11:39:24.584472', '41', 'Marble Top Coffee Tables', 1, '[{\"added\": {}}]', 9, 3),
(186, '2023-01-02 11:40:42.856596', '42', 'Brown Swings', 1, '[{\"added\": {}}]', 9, 3),
(187, '2023-01-02 11:55:12.461460', '43', 'Four Drawers Cabinets', 1, '[{\"added\": {}}]', 9, 3),
(188, '2023-01-02 12:23:22.087822', '44', 'Coffee Table', 1, '[{\"added\": {}}]', 9, 3),
(189, '2023-01-16 07:53:13.109718', '1', 'Confirmation', 1, '[{\"added\": {}}]', 11, 1),
(190, '2023-01-16 07:55:15.130285', '1', 'Confirmation', 2, '[{\"changed\": {\"fields\": [\"Ip\"]}}]', 11, 1),
(191, '2023-01-16 08:17:41.773088', '2', 'Test', 1, '[{\"added\": {}}]', 11, 1),
(192, '2023-01-16 08:18:27.343903', '2', 'Test', 2, '[{\"changed\": {\"fields\": [\"Product\"]}}]', 11, 1),
(193, '2023-01-16 08:55:34.779459', '2', 'Test', 3, '', 11, 1),
(194, '2023-01-16 08:55:34.783441', '1', 'Confirmation', 3, '', 11, 1),
(195, '2023-01-19 07:05:23.551824', '4', '234567', 1, '[{\"added\": {}}]', 33, 1),
(196, '2023-01-23 10:54:35.738742', '47', '+254704662432', 3, '', 33, 1),
(197, '2023-01-23 10:54:35.748717', '46', '+254704662432', 3, '', 33, 1),
(198, '2023-01-23 10:54:35.753716', '45', '+254704662432', 3, '', 33, 1),
(199, '2023-01-23 10:54:35.758716', '44', '+254704662432', 3, '', 33, 1),
(200, '2023-01-23 10:54:35.758716', '43', '+254704662432', 3, '', 33, 1),
(201, '2023-01-23 10:54:35.763742', '42', '+254704662432', 3, '', 33, 1),
(202, '2023-01-23 10:54:35.768731', '41', '+254704662432', 3, '', 33, 1),
(203, '2023-01-23 10:54:35.773717', '40', '+254704662432', 3, '', 33, 1),
(204, '2023-01-23 10:54:35.778717', '39', '+254704662432', 3, '', 33, 1),
(205, '2023-01-23 10:54:35.778717', '38', '+254704662432', 3, '', 33, 1),
(206, '2023-01-23 10:54:35.783721', '37', '+254704662432', 3, '', 33, 1),
(207, '2023-01-23 10:54:35.788718', '36', '+254704662432', 3, '', 33, 1),
(208, '2023-01-23 10:54:35.793728', '35', '+254704662432', 3, '', 33, 1),
(209, '2023-01-23 10:54:35.793728', '34', '+254704662432', 3, '', 33, 1),
(210, '2023-01-23 10:54:35.798721', '33', '+254704662432', 3, '', 33, 1),
(211, '2023-01-23 10:54:35.803742', '32', '+254704662432', 3, '', 33, 1),
(212, '2023-01-23 10:54:35.808718', '31', '+254704662432', 3, '', 33, 1),
(213, '2023-01-23 10:54:35.813716', '30', '+254704662432', 3, '', 33, 1),
(214, '2023-01-23 10:54:35.818718', '29', '+254704662432', 3, '', 33, 1),
(215, '2023-01-23 10:54:35.823719', '28', '+254704662432', 3, '', 33, 1),
(216, '2023-01-23 10:54:35.823719', '27', '+254704662432', 3, '', 33, 1),
(217, '2023-01-23 10:54:35.828718', '26', '+254704662432', 3, '', 33, 1),
(218, '2023-01-23 10:54:35.833716', '25', '+254704662432', 3, '', 33, 1),
(219, '2023-01-23 10:54:35.838717', '24', '+254704662432', 3, '', 33, 1),
(220, '2023-01-23 10:54:35.843717', '23', '+254704662432', 3, '', 33, 1),
(221, '2023-01-23 10:54:35.848717', '22', '+254704662432', 3, '', 33, 1),
(222, '2023-01-23 10:54:35.848717', '21', '+254704662432', 3, '', 33, 1),
(223, '2023-01-23 10:54:35.853717', '20', '+254704662432', 3, '', 33, 1),
(224, '2023-01-23 10:54:35.858718', '19', '+254704662432', 3, '', 33, 1),
(225, '2023-01-23 10:54:35.863721', '18', '+254704662432', 3, '', 33, 1),
(226, '2023-01-23 10:54:35.868720', '17', '+254704662432', 3, '', 33, 1),
(227, '2023-01-23 10:54:35.868720', '16', '+254704662432', 3, '', 33, 1),
(228, '2023-01-23 10:54:35.873719', '15', '+254704662432', 3, '', 33, 1),
(229, '2023-01-23 10:54:35.878720', '14', '+254704662432', 3, '', 33, 1),
(230, '2023-01-23 10:54:35.883718', '13', '+254702109810', 3, '', 33, 1),
(231, '2023-01-23 10:54:35.888718', '12', '+254704662432', 3, '', 33, 1),
(232, '2023-01-23 10:54:35.888718', '11', '+254704662432', 3, '', 33, 1),
(233, '2023-01-23 10:54:35.893720', '10', '+254704662432', 3, '', 33, 1),
(234, '2023-01-23 10:54:35.898720', '9', '+254704662432', 3, '', 33, 1),
(235, '2023-01-23 10:54:35.903717', '8', '+254704662432', 3, '', 33, 1),
(236, '2023-01-23 11:01:29.724989', '54', '+254704662432', 3, '', 33, 1),
(237, '2023-01-23 11:01:29.730022', '53', '+254704662432', 3, '', 33, 1),
(238, '2023-01-23 11:01:29.734991', '52', '+254704662432', 3, '', 33, 1),
(239, '2023-01-23 11:01:29.739989', '51', '+254704662432', 3, '', 33, 1),
(240, '2023-01-23 11:01:29.739989', '50', '+254704662432', 3, '', 33, 1),
(241, '2023-01-23 11:01:29.744990', '49', '+254704662432', 3, '', 33, 1),
(242, '2023-01-23 11:01:29.749989', '48', '+254704662432', 3, '', 33, 1),
(243, '2023-02-11 06:42:46.888398', '1', 'Simeon', 1, '[{\"added\": {}}]', 7, 1),
(244, '2023-03-17 08:54:34.391885', '45', 'Outdoor with 4 Seats Plus an Umbrella', 1, '[{\"added\": {}}]', 9, 1);

-- --------------------------------------------------------

--
-- Table structure for table `django_content_type`
--

CREATE TABLE `django_content_type` (
  `id` int(11) NOT NULL,
  `app_label` varchar(100) NOT NULL,
  `model` varchar(100) NOT NULL
) ENGINE=InnoDB DEFAULT CHARSET=utf8mb4;

--
-- Dumping data for table `django_content_type`
--

INSERT INTO `django_content_type` (`id`, `app_label`, `model`) VALUES
(6, 'accounts', 'account'),
(7, 'accounts', 'userprofile'),
(1, 'admin', 'logentry'),
(3, 'auth', 'group'),
(2, 'auth', 'permission'),
(26, 'blog', 'blogauthor'),
(25, 'blog', 'blogpost'),
(29, 'blog', 'comments'),
(24, 'blog', 'helpcenter'),
(27, 'blog', 'newsletter'),
(28, 'blog', 'youtubevideo'),
(15, 'carts', 'cart'),
(16, 'carts', 'cartitem'),
(8, 'category', 'category'),
(23, 'contact', 'contactus'),
(31, 'contact', 'socialmedia'),
(32, 'contact', 'socials'),
(30, 'contact', 'socialurls'),
(4, 'contenttypes', 'contenttype'),
(21, 'mpesa_api', 'mpesapayment'),
(22, 'mpesa_api', 'mpesapaymentcallback'),
(17, 'order', 'order'),
(19, 'order', 'orderproduct'),
(18, 'order', 'payment'),
(33, 'order', 'pay_on_delivery'),
(20, 'order', 'wishlist'),
(5, 'sessions', 'session'),
(13, 'store', 'marketingimages'),
(9, 'store', 'product'),
(12, 'store', 'productgallery'),
(11, 'store', 'reviewrating'),
(10, 'store', 'variation'),
(14, 'subcategory', 'sub_category');

-- --------------------------------------------------------

--
-- Table structure for table `django_migrations`
--

CREATE TABLE `django_migrations` (
  `id` int(11) NOT NULL,
  `app` varchar(255) NOT NULL,
  `name` varchar(255) NOT NULL,
  `applied` datetime(6) NOT NULL
) ENGINE=InnoDB DEFAULT CHARSET=utf8mb4;

--
-- Dumping data for table `django_migrations`
--

INSERT INTO `django_migrations` (`id`, `app`, `name`, `applied`) VALUES
(1, 'accounts', '0001_initial', '2022-11-10 11:14:37.355411'),
(2, 'accounts', '0002_userprofile', '2022-11-10 11:14:37.653086'),
(3, 'accounts', '0003_auto_20221026_1003', '2022-11-10 11:14:43.299145'),
(4, 'contenttypes', '0001_initial', '2022-11-10 11:14:43.876460'),
(5, 'admin', '0001_initial', '2022-11-10 11:14:44.394309'),
(6, 'admin', '0002_logentry_remove_auto_add', '2022-11-10 11:14:46.194918'),
(7, 'admin', '0003_logentry_add_action_flag_choices', '2022-11-10 11:14:46.228164'),
(8, 'contenttypes', '0002_remove_content_type_name', '2022-11-10 11:14:47.085384'),
(9, 'auth', '0001_initial', '2022-11-10 11:14:48.233231'),
(10, 'auth', '0002_alter_permission_name_max_length', '2022-11-10 11:14:53.240659'),
(11, 'auth', '0003_alter_user_email_max_length', '2022-11-10 11:14:53.308393'),
(12, 'auth', '0004_alter_user_username_opts', '2022-11-10 11:14:53.340720'),
(13, 'auth', '0005_alter_user_last_login_null', '2022-11-10 11:14:53.373095'),
(14, 'auth', '0006_require_contenttypes_0002', '2022-11-10 11:14:53.402017'),
(15, 'auth', '0007_alter_validators_add_error_messages', '2022-11-10 11:14:53.427905'),
(16, 'auth', '0008_alter_user_username_max_length', '2022-11-10 11:14:53.451580'),
(17, 'auth', '0009_alter_user_last_name_max_length', '2022-11-10 11:14:53.485199'),
(18, 'auth', '0010_alter_group_name_max_length', '2022-11-10 11:14:53.591473'),
(19, 'auth', '0011_update_proxy_permissions', '2022-11-10 11:14:53.622494'),
(20, 'blog', '0001_initial', '2022-11-10 11:14:53.861154'),
(21, 'blog', '0002_alter_helpcenter_description', '2022-11-10 11:14:54.510006'),
(22, 'blog', '0003_auto_20221021_1350', '2022-11-10 11:14:54.735395'),
(23, 'blog', '0004_blogpost_author', '2022-11-10 11:14:55.163178'),
(24, 'blog', '0005_alter_blogpost_blog_intro', '2022-11-10 11:14:55.223312'),
(25, 'blog', '0006_blogpost_latest', '2022-11-10 11:14:55.356761'),
(26, 'blog', '0007_remove_blogpost_latest', '2022-11-10 11:14:55.544387'),
(27, 'blog', '0008_blogpost_blog_picture', '2022-11-10 11:14:56.057440'),
(28, 'blog', '0009_auto_20221026_1003', '2022-11-10 11:14:57.912349'),
(29, 'blog', '0010_blogpost_cover_image', '2022-11-10 11:14:58.127578'),
(30, 'blog', '0011_blogpost_youtube_url', '2022-11-10 11:14:58.296771'),
(31, 'blog', '0012_blogpost_featured', '2022-11-10 11:14:58.458166'),
(32, 'blog', '0013_auto_20221107_1141', '2022-11-10 11:14:58.732001'),
(33, 'blog', '0014_blogauthor', '2022-11-10 11:14:59.011700'),
(34, 'blog', '0015_auto_20221107_1233', '2022-11-10 11:15:01.300336'),
(35, 'blog', '0016_auto_20221107_1236', '2022-11-10 11:15:01.633061'),
(36, 'blog', '0017_auto_20221107_1238', '2022-11-10 11:15:01.750443'),
(37, 'blog', '0018_newsletter', '2022-11-10 11:15:01.940604'),
(38, 'blog', '0019_auto_20221108_0858', '2022-11-10 11:15:02.297380'),
(39, 'blog', '0020_auto_20221108_1241', '2022-11-10 11:15:02.901332'),
(40, 'blog', '0021_auto_20221108_1244', '2022-11-10 11:15:03.587568'),
(41, 'blog', '0022_auto_20221108_1339', '2022-11-10 11:15:05.368668'),
(42, 'blog', '0023_blogpost_published', '2022-11-10 11:15:05.678267'),
(43, 'category', '0001_initial', '2022-11-10 11:15:05.956667'),
(44, 'subcategory', '0001_initial', '2022-11-10 11:15:06.389802'),
(45, 'subcategory', '0002_alter_sub_category_cat_image', '2022-11-10 11:15:07.486360'),
(46, 'store', '0001_initial', '2022-11-10 11:15:07.842911'),
(47, 'store', '0002_product_on_offer', '2022-11-10 11:15:10.454187'),
(48, 'store', '0003_variation', '2022-11-10 11:15:10.695227'),
(49, 'carts', '0001_initial', '2022-11-10 11:15:12.536831'),
(50, 'carts', '0002_cartitem_variations', '2022-11-10 11:15:14.678741'),
(51, 'carts', '0003_auto_20220915_2345', '2022-11-10 11:15:21.927318'),
(52, 'carts', '0004_auto_20221026_1003', '2022-11-10 11:15:29.376062'),
(53, 'category', '0002_rename_cat_image_category_category_image', '2022-11-10 11:15:29.576272'),
(54, 'category', '0003_auto_20221026_1003', '2022-11-10 11:15:35.178730'),
(55, 'contact', '0001_initial', '2022-11-10 11:15:35.776820'),
(56, 'contact', '0002_alter_contactus_message', '2022-11-10 11:15:36.734605'),
(57, 'contact', '0003_contactus_phone', '2022-11-10 11:15:36.859756'),
(58, 'contact', '0004_auto_20221026_1003', '2022-11-10 11:15:37.922427'),
(59, 'mpesa_api', '0001_initial', '2022-11-10 11:15:38.247655'),
(60, 'mpesa_api', '0002_auto_20221007_1004', '2022-11-10 11:15:39.285633'),
(61, 'mpesa_api', '0003_delete_mpesapaymentcallback', '2022-11-10 11:15:39.662562'),
(62, 'mpesa_api', '0004_mpesapaymentcallback', '2022-11-10 11:15:39.963164'),
(63, 'mpesa_api', '0005_delete_mpesapaymentcallback', '2022-11-10 11:15:40.426318'),
(64, 'mpesa_api', '0006_mpesapaymentcallback', '2022-11-10 11:15:40.850226'),
(65, 'mpesa_api', '0007_delete_mpesapaymentcallback', '2022-11-10 11:15:42.246472'),
(66, 'mpesa_api', '0008_mpesapaymentcallback', '2022-11-10 11:15:42.465783'),
(67, 'mpesa_api', '0009_alter_mpesapayment_options', '2022-11-10 11:15:43.200195'),
(68, 'mpesa_api', '0010_auto_20221026_1003', '2022-11-10 11:15:45.406636'),
(69, 'mpesa_api', '0011_mpesapayment_order_number', '2022-11-10 11:15:45.586987'),
(70, 'mpesa_api', '0012_remove_mpesapayment_order_number', '2022-11-10 11:15:45.734730'),
(71, 'mpesa_api', '0013_mpesapayment_order_number', '2022-11-10 11:15:45.899005'),
(72, 'store', '0004_reviewrating', '2022-11-10 11:15:46.368229'),
(73, 'store', '0005_product_boosted', '2022-11-10 11:15:48.463525'),
(74, 'store', '0006_productgallery', '2022-11-10 11:15:48.962616'),
(75, 'store', '0007_alter_product_description', '2022-11-10 11:15:49.744273'),
(76, 'store', '0008_alter_product_description', '2022-11-10 11:15:49.906886'),
(77, 'store', '0009_alter_product_description', '2022-11-10 11:15:49.948930'),
(78, 'store', '0010_alter_product_description', '2022-11-10 11:15:49.983723'),
(79, 'store', '0011_alter_product_discount_price', '2022-11-10 11:15:50.052843'),
(80, 'store', '0012_alter_product_discount_price', '2022-11-10 11:15:50.128057'),
(81, 'order', '0001_initial', '2022-11-10 11:15:54.521912'),
(82, 'order', '0002_auto_20220916_2123', '2022-11-10 11:16:01.070924'),
(83, 'order', '0003_auto_20220916_2127', '2022-11-10 11:16:01.731334'),
(84, 'order', '0004_wishlist', '2022-11-10 11:16:04.657329'),
(85, 'order', '0005_rename_productvariations_wishlist_product', '2022-11-10 11:16:10.961481'),
(86, 'order', '0006_auto_20221019_1455', '2022-11-10 11:16:14.205327'),
(87, 'order', '0007_auto_20221019_2053', '2022-11-10 11:16:20.105289'),
(88, 'order', '0008_auto_20221026_1003', '2022-11-10 11:16:33.886687'),
(89, 'order', '0009_auto_20221031_1209', '2022-11-10 11:16:33.977524'),
(90, 'sessions', '0001_initial', '2022-11-10 11:16:34.250292'),
(91, 'store', '0013_alter_product_description', '2022-11-10 11:16:35.191966'),
(92, 'store', '0014_auto_20221026_1003', '2022-11-10 11:17:07.110010'),
(93, 'store', '0015_auto_20221031_1209', '2022-11-10 11:17:07.684794'),
(94, 'store', '0016_auto_20221031_1405', '2022-11-10 11:17:08.457352'),
(95, 'store', '0017_auto_20221109_1525', '2022-11-10 11:17:08.661949'),
(96, 'subcategory', '0003_rename_cat_image_sub_category_category_image', '2022-11-10 11:17:08.842191'),
(97, 'subcategory', '0004_rename_category_image_sub_category_sub_category_image', '2022-11-10 11:17:08.960693'),
(98, 'subcategory', '0005_auto_20221026_1003', '2022-11-10 11:17:12.607205'),
(99, 'contact', '0005_socialurls', '2022-11-11 08:18:50.559629'),
(100, 'contact', '0006_auto_20221111_1123', '2022-11-11 08:23:49.535119'),
(101, 'contact', '0007_auto_20221111_1144', '2022-11-11 08:44:42.890878'),
(102, 'contact', '0008_auto_20221111_1226', '2022-11-11 09:26:44.012775'),
(103, 'contact', '0009_auto_20221111_1230', '2022-11-11 09:30:18.826718'),
(104, 'contact', '0010_auto_20221111_1233', '2022-11-11 09:33:57.377216'),
(105, 'blog', '0002_auto_20221124_1421', '2022-12-27 10:19:26.789744'),
(106, 'blog', '0003_auto_20221124_1428', '2022-12-27 10:19:29.743356'),
(107, 'blog', '0004_auto_20221227_1319', '2022-12-27 10:19:29.844317'),
(108, 'store', '0018_auto_20221230_1947', '2022-12-30 16:47:42.895145'),
(109, 'store', '0019_remove_product_color_your_world', '2022-12-30 17:22:28.512823'),
(110, 'store', '0020_product_color_your_world', '2022-12-30 17:22:51.790347'),
(111, 'store', '0021_auto_20221230_2023', '2022-12-30 17:23:17.739481'),
(112, 'store', '0022_auto_20221230_2023', '2022-12-30 17:23:43.753222'),
(113, 'accounts', '0004_auto_20221231_1326', '2023-01-16 06:16:50.364895'),
(114, 'auth', '0012_alter_user_first_name_max_length', '2023-01-16 06:16:50.393898'),
(115, 'blog', '0024_merge_0004_auto_20221227_1319_0023_blogpost_published', '2023-01-16 06:16:50.407897'),
(116, 'blog', '0025_auto_20221231_1326', '2023-01-16 06:16:51.567904'),
(117, 'carts', '0005_auto_20221231_1326', '2023-01-16 06:16:52.387266'),
(118, 'category', '0004_alter_category_id', '2023-01-16 06:16:53.072332'),
(119, 'contact', '0011_auto_20221231_1326', '2023-01-16 06:16:53.285335'),
(120, 'mpesa_api', '0014_auto_20221231_1326', '2023-01-16 06:16:53.590131'),
(121, 'order', '0010_auto_20221231_1326', '2023-01-16 06:16:55.415525'),
(122, 'store', '0019_auto_20221231_1326', '2023-01-16 06:16:58.252596'),
(123, 'subcategory', '0006_alter_sub_category_id', '2023-01-16 06:16:58.821059'),
(124, 'order', '0011_alter_order_subcounty', '2023-01-17 10:13:34.774833'),
(125, 'order', '0012_pay_on_delivery', '2023-01-18 14:47:23.932569'),
(126, 'order', '0013_pay_on_delivery_number_no', '2023-01-18 16:13:24.087253'),
(127, 'order', '0014_rename_number_no_pay_on_delivery_order_number_no', '2023-01-18 16:22:55.153041'),
(128, 'order', '0015_rename_amount_paid_pay_on_delivery_amount_to_pay', '2023-01-19 07:02:44.157468'),
(129, 'order', '0016_pay_on_delivery_product_name', '2023-01-19 07:10:41.543198'),
(130, 'order', '0017_alter_pay_on_delivery_product_name', '2023-01-20 08:51:58.484251'),
(131, 'order', '0018_rename_product_name_pay_on_delivery_product_details', '2023-01-20 09:24:26.639687'),
(132, 'store', '0020_alter_product_description', '2023-03-17 08:20:13.073094');

-- --------------------------------------------------------

--
-- Table structure for table `django_session`
--

CREATE TABLE `django_session` (
  `session_key` varchar(40) NOT NULL,
  `session_data` longtext NOT NULL,
  `expire_date` datetime(6) NOT NULL
) ENGINE=InnoDB DEFAULT CHARSET=utf8mb4;

--
-- Dumping data for table `django_session`
--

INSERT INTO `django_session` (`session_key`, `session_data`, `expire_date`) VALUES
('01bd054a5ty9sopi7w26xvettn8lxckn', 'e30:1pOyct:QATarW5m2vwCcWWD1xf9Gc5UX17WoK-X2_rHvO8l6AU', '2023-02-20 10:21:31.830872'),
('03az2gopcapiej213692d687qr2wsj7o', 'e30:1pQ4jX:O6J6Hplo81K_LqGyD6JuD3plUITNw4bsSDRHKq2_T0E', '2023-02-23 11:04:55.706285'),
('03dvgzrkjhaxkfvf4ci68oxlpvcsnic1', 'e30:1pVCdg:w5EoOiSH6GDh8D5qx_Od2kKvH0rYCRVE4eQgZjBMajk', '2023-03-09 14:32:04.870789'),
('042qucqx8d6o551985wawk10sc6ogfhm', 'e30:1pLr1x:c3mvf4nXXaL5sUcOSHHSpPxsdPUBTOFEsbImpkbWTIQ', '2023-02-11 19:38:29.140447'),
('052250gqo7uznaq667fta897upaxiyyk', 'e30:1otnN8:nyms2G7xiqu7E1Frd2LRKLBmvEeMnlj9X_fQOTjFp8U', '2022-11-26 10:04:22.167655'),
('062grg83swj9pmle1zrtjt24hsca8rqe', 'e30:1pRkvX:rv6kq1qtJ8VDulgvn6-bAt4juiFpxHzAINNjk6OxgZI', '2023-02-28 02:20:15.472867'),
('06he9if7kmbec85y7bnc0rtrdoh63h6j', 'e30:1pYU5L:Kw28qYNAIAaeWHNwRdqzlbxDG7cqc0ww6jKZwEu4Dls', '2023-03-18 15:46:11.174221'),
('06y1bvd7eqmuw728fuqt8dbsbfv3ju2f', 'e30:1pYCSR:R5fFNQQWnVtpUjdgCrvyROuPuuVS2d7r354QDh601Rg', '2023-03-17 20:56:51.650420'),
('0as44d6c8b2km5819mirplbk0mpa72c0', 'e30:1pS5Bn:O9Hv0mS-7TrsRSbmeHU5H9PQjo38F342MrnyNi2Uz3s', '2023-02-28 23:58:23.017698'),
('0b3vpimdvp5yi2wequqgu0o1jb8ybewd', 'e30:1pPq8c:rjMAhS3sA-6wRy9OczUaXAs3_YuluBoDCrgZTWRpZPA', '2023-02-22 19:29:50.601496'),
('0bz2ed5ay0erm029o3smvob5e98y9s8v', 'e30:1pTXMx:admzi-WZUn2Whmu2VKnmxYplzwtp92PRxOBN_G2IRI8', '2023-03-05 00:15:55.463247'),
('0c1pvlo6dzl8jmwhlxopv6arfgyp0r7w', '.eJxtjEEOwiAQAP_C2RBkgbYevfsGsrCLVA0kpZyMfzckvZh4nZnMW_SVxEVocRIe-559b7z5fyxgfHIZgh5Y7lXGWvZtDXIk8rBN3irx63q0P4OMLY-tA4sRgNClaBObtFACcgpmq9NsjSGYWLMBCqwcKGMSTmeLDBpxQfH5ApdoOo0:1owNgv:NWSMDFxB9mwZpuwYntHaRWct2V18G7g2-zYhYjPUiYg', '2022-12-03 13:15:29.407174'),
('0ee3us3cbvy3pf8c1eod67mjgx4yx4h0', 'e30:1pCJX5:IenpLcL1b0XgouR8ovTzzBouN4vfnmfI4WliDyr978Q', '2023-01-16 12:03:11.766530'),
('0jehv2csd4ltot9oyl4zop9w1fx9j2z5', 'e30:1pR21H:sofm3fTosk1EVuyC3xk4da5CdXfAca8AST5H6fvhKz8', '2023-02-26 02:23:11.233917'),
('0k21mu9bxwaaoh6qj0uiw5h1inyfhlgr', 'e30:1pRMjy:HgrG6wxb6S5O1orcekM5SI5zelnJdtprE3CpINmhmBk', '2023-02-27 00:30:42.911747'),
('0kak3aberhwb2l8mablugng1kstjl7yr', 'e30:1otwbG:d0kHu9WBjOv6Sx88vbaY54Qq5e9I7fiuETLL82eX6TU', '2022-11-26 19:55:34.799601'),
('0nrgz9cfqo4nmsnocf6dex3m05fc4s9n', 'e30:1pQ8rm:yLucbghXCGnq-kjwrefpd-3X8n20ptQ0irJmdjSB0C0', '2023-02-23 15:29:42.984635'),
('0o1t6xzzap8jm8qzdrevyccahld1y9s7', 'e30:1pPaXU:kvFfwuRd0_ff4-NqSz-luxhZ231uapePqYrb9A_Zt1A', '2023-02-22 02:50:28.083574'),
('0q1u5kuygnopjeau6vv2k88hkvnhwdf3', 'e30:1pVha9:PHqH-WHZe8IlJILaVVcFceZrFcYj49DyJe4nLQHeBTs', '2023-03-10 23:34:29.841334'),
('0quzmz0df6sq1h0rmo6wr3x376l2eu7b', 'e30:1pRjdr:onjngLjAR1aVdcwqXFnjqSou83YwbMmaEZxfazSDi6M', '2023-02-28 00:57:55.925945'),
('0tscyej4wfu83okbobmkm2ve1jc7oppe', 'e30:1pR0iV:VAXDvHMzvo7MvecwkbVRCNy647CRXFswsk9gb_AuFYQ', '2023-02-26 00:59:43.226371'),
('0usfy39asky2y6oc5o3dhxm18ze7afn5', 'e30:1pagib:JscotKEg7uay1mYRxH5A-ABYbqPWtGEaozbTzKg3Qfo', '2023-03-24 17:39:49.771850'),
('0w3hvgnki7gfs02hfutmcjkslumbodtq', 'e30:1pQkqU:tH4bwvZr6vFlwiBkSWHb3dRSBcfGXGJOykdW9RE8Kr8', '2023-02-25 08:02:54.840554'),
('0wmqkgoz3hi46bmpskou54c24ufz3s1s', 'e30:1pRTL1:zB38LPDhz8aMg1PldWn87hd3upsqMGCWLV8dLQKzPeg', '2023-02-27 07:33:23.953769'),
('0wxrh33ay8hb59q8scw779wfkpbcr8ac', 'e30:1pZm5t:fkiWUzlfru6Xr6i3nzUAnGXSJ1UXfJB8C6eognpD3ak', '2023-03-22 05:12:05.965240'),
('0zir1fo5cr6rfcgijx7jjrcjfx433xf0', 'e30:1pQLlu:lvLYvBUkm0MMiHE4b0jhU43_Jm3mirqeFw7u_sS9Hxw', '2023-02-24 05:16:30.707065'),
('11a9j3ule8ws2acc6lnakbeskmbcq5mm', 'e30:1pZGoz:JCEqM_3OXC7mA48DytXA7sNGSOZh3FRig4UzZWmwxM0', '2023-03-20 19:48:33.797806'),
('13lvjfo23ds48rrl7hoko37snxkfk9f1', 'e30:1pYPNZ:L0LDk1mr2WhARe2kgAbGaYaWAs_PooOylBnHFxcwiYQ', '2023-03-18 10:44:41.853928'),
('163whnfz3pimqk4h3dtbxcfuqktvgfqy', 'e30:1pLlSh:FIzQcZ7l1heZShHso4os-GY5uuA2NTezk8k0jQmu9SU', '2023-02-11 13:41:43.408263'),
('1669m2ef4iota1flnvz9i2yoc448ufdz', 'e30:1pRKaa:dJEoOlVIwpxWiObvWkp-bpN2LuxK0RmF5Mgx9FYnsew', '2023-02-26 22:12:52.536382'),
('179hgnttskjtordne22etuvm026k0frr', 'e30:1pN7jK:VC35JMmZcuZx9KjJADKOK8YVw4T9IkybC5X8LkrwdvY', '2023-02-15 07:40:30.782811'),
('1b6r32096zcch8ot2nykp33euakq9xs5', 'e30:1pcFo0:R6kQ00gyTccba_ZCgov8eIYKi939rlyiH839lfcDhLI', '2023-03-29 01:19:52.184230'),
('1bmrvb1bq99bwmjiaeeu8zlcktjkijly', 'e30:1pT6AI:S5Agig7rfX20mjM5YK5r9LLDsjak5YvuS_kYwd3Zx_A', '2023-03-03 19:13:02.134361'),
('1e5ee1n0c4bzr0bhi19u3dybb89mcmi6', 'e30:1pSeTw:GEoEiUFtxC73BHfcmZC8ydliaS0jcAXOTwh61TNAn2w', '2023-03-02 13:39:28.437250'),
('1e6ds2xv01xt20ztgwshh82yb0fva603', 'e30:1otwaW:tdQMcrFLPzl9-PkQbJ3utAiugnehXrP9i1e2uW--wlU', '2022-11-26 19:54:48.248657'),
('1evrxi2gue9wnvjt4hh69m9e3x9kfcay', 'e30:1patmv:IoJO_SgjWeBLyRRLtUlY3JsbF-Kc7h4OxkY2nyaNdU0', '2023-03-25 07:37:09.389364'),
('1ie4ogugqujayx6exmxl3kxweqni3kcf', 'e30:1pTV6s:4qthwBuc5f7Bot8IVnk9VnoIlB-qblnwGnVizQ8swIk', '2023-03-04 21:51:10.514019'),
('1j5tusbqo341l31lxd62q8cv8gh9c60k', 'e30:1pRdLF:SVsvlrm6_D52XN-xAxI19gHstR69NzbB0cgVxazJ2xY', '2023-02-27 18:14:17.573506'),
('1jnpakgapg3luqyjfod9un8cron855kq', 'e30:1pNj6k:NbbApFReIhwLUGHrG6gXgK-52_2Qo9K7VwF35KVQJ58', '2023-02-16 23:35:10.955875'),
('1kldzo8i7zi2d5ve43u8czb2up3eftqo', 'e30:1pR4mU:iG1Uk76B4NNlb_Kbhq1qilbSYw99adi4mtRi5WfOpOk', '2023-02-26 05:20:06.461943'),
('1lu68kr0r9b03q4xm7f2hahfjndy3pju', 'e30:1pa5wI:Kfib0SLzbhYo364gRjmj37Z_Lvi75YAXXUGT_CirNUM', '2023-03-23 02:23:30.768619'),
('1mrmovog3fngsck9fn0rdml6yohtowwq', 'e30:1pKzFe:5S_tIc5F2TW5W19KO1pAfdp58xZQkuf-jObXjufqppc', '2023-02-09 10:13:02.459110'),
('1nrahys7g81h7em60qggklr8s3pz1vwg', 'e30:1pRtQw:dw2c3l2-IqVgp2COwdB1dyZJk_aEAVOj9LrTstZ9K7A', '2023-02-28 11:25:14.787191'),
('1nw2sy2q6d5ixv7pfx0fx1qj7fx4q8zf', 'e30:1pRQvj:80UNN7xfUFIkixZXBf98LzgyPAbZikA1kfbIryv1F3A', '2023-02-27 04:59:07.273992'),
('1o55qwpke790hpgrywvd8u39lbekhizl', 'e30:1pUcWz:wpgtj8cJRpAW59nmTU00ZoDjY9HiRzQBwyopgdkH38o', '2023-03-07 23:58:45.171079'),
('1pey2bbbhivpv6dc9hgk7vkyht0ixik7', 'e30:1pRNft:Dwvy-hWN06TprPmHV2TRAbUN7Xa7RyyKRyh2OsANDf8', '2023-02-27 01:30:33.278479'),
('1po2uatt30hfo0n3bfpkzjkq9ujiga6g', 'e30:1pNyLO:p0KWbfWNV8K4ZjD2EYfEy0p5F-ZLhVoYGSdUx6131UE', '2023-02-17 15:51:18.151079'),
('1s3wtqabsjdvjy8zeawljpl3rvhvebdy', 'e30:1pUoog:3msGyP9hGWuSdBxkwRtpF6_1BdM5JnxNXyxJEjQh2Dc', '2023-03-08 13:05:50.899110'),
('1ueoyd3bcr1umnnp5t5s3e6dw8gqb56u', 'e30:1ovyB9:CRdOQRB5Hktsl7iQCR7D72tWuG0bOFz5oAhL5RhvKeQ', '2022-12-02 10:00:59.318266'),
('1xtq7xd1m1dza25jlv816oi76rt8kpg6', 'e30:1pTLyu:rDnQN-Be0NiLOGFo2IKZQPF1j2-73wmljIEpRKi-6ZI', '2023-03-04 12:06:20.918730'),
('1y93c2g22k1smzvu16cyw0770a2kvau9', 'e30:1pBKnt:5rdNFT0otLN0HOAXCJ4cXHM5LFZidi0k5dma8aoLVzs', '2023-01-13 19:12:29.677251'),
('1yxcpb0qo0kaljc2juwscj78eamv2nnw', 'e30:1pMrID:q9Lm8dxw8qjpgoOlr9QRW5ZvMLfVRyNp6ubyU4XSa2w', '2023-02-14 14:07:25.428226'),
('209c9q5ms7wb8e7vig8oz5gypn8qgtn7', 'e30:1pThSm:-szB92EsqjEYPgF5mhdFHVGJFjNp6XtqjUR-rkTGd7E', '2023-03-05 11:02:36.379666'),
('23alt5zvb3hl0zfr519q0ldouslox5ji', 'e30:1pGZrb:OJIcu93ThrJnZ-6Bvp_jAjR_FnKd9_XxfenK3K-myv4', '2023-01-28 06:17:59.282384'),
('2747jzx44ec8fsfmt4aemum8iwgv4w82', 'e30:1pPK7y:wxRI-gr6T4I7YsfszWrmvY1Qy8Ohd1SlXbujQOT2d2I', '2023-02-21 09:19:02.259011'),
('27on1i1o3o26km3l1qnf4aol94dr8c4c', 'e30:1pUMce:OKRLAgLEVSENQrIQ5yaJKRF6EcPBupkCCzxtVpoCc6M', '2023-03-07 06:59:32.482702'),
('284bn3g6lilf117b2ix4dk19nqzzmgjl', 'e30:1pWJCq:2kCNeT1glMuABKGBAcsYWM-COe5yEeLmfzDFrKQ-mVE', '2023-03-12 15:44:56.776319'),
('29rwvib49uf892i637qlqs8q9ndgp3lz', 'e30:1otxmr:WpDLUVW38HWSHbUn0uzig_s6ArcHaHDUT76rSkEry4I', '2022-11-26 21:11:37.892090'),
('29v0xaf24ews8cmk3achznjanmuwcmn2', 'e30:1pWMXy:p_hPoOUbwfBeAI36-BypQAibYgotB1Hm3VpeERaWm6o', '2023-03-12 19:18:58.094644'),
('2a3dosxa3lf1k5jg9rx8wx47mjxe1sd4', 'e30:1pEQrc:m_rAsfyE-nwP9AsTViIm96VG5Aj99esx2t7aTh2Aet0', '2023-01-22 08:17:08.467483'),
('2alaozp4ib6ng8f3q4ib2uy1j0uud5wf', 'e30:1pUr3F:ttrl5HtI0-dvzoAGZgVET27JcFX1s1gbYeysEd5P3Wk', '2023-03-08 15:29:01.659662'),
('2b8kgwxuhkm74nsmfuvh3v735zqr4pra', 'e30:1pURWY:RUF4TFGTIi0EPoSC9vJtRW9MUDmUkz0H6WWKzxCoCy0', '2023-03-07 12:13:34.661153'),
('2bgqz3opd274h9e4gbco5mhnzf1tmwcn', 'e30:1pZh7q:etBIGazdDqMlD9-hXJkilqKLzAfZA_m0djdXWXLfhB8', '2023-03-21 23:53:46.880154'),
('2bn87s8879yys65gcirhsuwasyn0fbgt', 'e30:1pMLle:oEDD0_k8hEC4vjr6UpDjI7cNga2nq8Lp0tTb_Jek_nA', '2023-02-13 04:27:42.176180'),
('2e2a6aaxotnrz1ge5ybzoikkzhjnc0zr', 'e30:1oz0WI:Dsk4XuZikYmwkeVOrfp1TgT9CKQni3rWgjrmtkDPpyw', '2022-12-10 19:07:22.417443'),
('2g59i48nus1g39jbdeu4eafophiioch3', 'e30:1pRnx1:TspN58GAkmtapBYCXsVgjBSGLX4VOYAwrezTvMSgw04', '2023-02-28 05:33:59.155816'),
('2g9dsv6lagzjnhjb8z7lv2ly9n3zaqyk', 'e30:1pXoKR:H4GD9jxcG4jDQ5-oYHcHpuheXPKGrMbBw6QBPAi_H4c', '2023-03-16 19:10:59.339680'),
('2ghl156i4av4nx3tzzideb7xucgr6seu', 'e30:1pPeTt:zTkbEzrh3eRl1NfSnEBBOOLdWckgQOw4Fwvewg_wjJ8', '2023-02-22 07:03:01.621483'),
('2k0flodtm8ywyaeb3muc0ztkkyzed4wl', 'e30:1pQaLX:GhZXEh-eQ_-FikV6iEcn6KpbJtaUh-dU9Z_aOQLhyFs', '2023-02-24 20:50:15.897998'),
('2mc7il1xd7bxepddtehize7w9vhee08i', 'e30:1pEoCZ:JX61lRkISYB7-0e3bG1JTFK0Fi7pAwFmMXemIezetMA', '2023-01-23 09:12:19.182060'),
('2ny3hcu9ldksbor187k61cd002416a1l', 'e30:1pGKfe:2Au4ohdFbb87NyIOmfIMksRieHZvxFjq_uprQqZhNfc', '2023-01-27 14:04:38.486509'),
('2ptfnro8dgodur9nr362fa5fe2oj5erb', 'e30:1pPI6z:BtT3QR9MVv-eFacT0UPC0Zv0VbMWXXqXNY9xUnZKTLE', '2023-02-21 07:09:53.644010'),
('2q3r9xl9upimbibzoprbjoqo6h7hcv4s', 'e30:1pXJjG:TmgU3FE1d9eDuF2SiC29fMTzE6OcvKdMEbKQVL29ORg', '2023-03-15 10:30:34.679398'),
('2r9vv8xdvb41edx9gnte90ifqg8x87vj', 'e30:1pRbig:bVLrTjmQJ1n22zm4mss2sxhRlMg6WvFGgfFNtEVKQq0', '2023-02-27 16:30:22.878936'),
('2rsdvxus8q46zq67soj8s84lzu9mm3fx', 'e30:1pYAQT:X-WskfT-jKVd_Fw-DvJ_aeaMsBVMZcxSLpymt_N7DrU', '2023-03-17 18:46:41.286390'),
('2sbmdq9arpj9u9kajows18vi621gtcbl', 'e30:1pWMfT:sQcklwgbTHk-xWCIGDuaje1VVHC43mYTU6TDIEH0GgQ', '2023-03-12 19:26:43.477368'),
('2u7gmjvkwbwwvcldn2df0s5o228gcrcc', 'e30:1pWjX3:sqQQgBWoqtUc0foS3STUUXXzHysdRe7xYU3g4to9MHE', '2023-03-13 19:51:33.221420'),
('2uzaum79fcaolg3v6tet1j6fqjo7hm7s', '.eJxtjMsKwjAUBf8lawk3TVISl-79hnBfsVVpoW1W4r9roRvB7ZmZ8zJtFHM23pxMwbYNpa26lH8bIT902oHccbrNludpW0ayu2IPutrrLPq8HO7PwYDr8K0TBBe8Bk2-ahbkDiFwdB312fe5S8JSIQesXDVCcgRMRJljzRVYzPsDkhI7Iw:1pQ6Tz:Hlf8DsdnVjmqN-eYhaAYThbUyczQ3kNZ8TQRvTQNP_E', '2023-02-23 12:56:59.782049'),
('2wsvckn9iktq70kdolx41zco3e4j3qvs', 'e30:1pQwbj:B7W7a1_DvjsHLGIcqvXHrRA6M4nTU4itnu2Ih1HDxBQ', '2023-02-25 20:36:27.421650'),
('2x1n05cx8g1drcbygvk6wtjh2hb7vayp', 'e30:1pPe2G:7t3jPwmri_k-rT78Nuyec0VrqueFVGK06Rgp6avPC0k', '2023-02-22 06:34:28.892847'),
('2y6umspl413kqazdovrmxdkq6d4ijs2m', 'e30:1pZh7a:fiZvtK7wVR-7QgrGFkm4mxpqbs5zWavDYmbATYABDV4', '2023-03-21 23:53:30.358198'),
('2yjeot82ilppkrgk7fg85yszp5jfb68z', 'e30:1pUYH7:NLVBchjTCYOnPs4gYfGMscx46m454QIlJA9DIEfEB0s', '2023-03-07 19:26:05.845734'),
('2ykx5qte33mjtq2m2m11jh41cbkz4x4t', 'e30:1pKc6H:jrwB8-2yGMkEMKm3ExG0AoFD7MzyKSURynCHLFrAh5I', '2023-02-08 09:29:49.237305'),
('2zr83ao6fauf1ilzwo89t1kg8y253odr', 'e30:1pYwLS:IfvufCehKwk-aqgWpBUOdkNbD19_EB2zS4RFqkbv6cc', '2023-03-19 21:56:42.305441'),
('324v7u5v16zpy2qclslymqg6vdd9js8d', 'e30:1pSfBJ:n7h-AMNupBB1-PDyOyO00TRd1KCIGxeo1nAlmscz31A', '2023-03-02 14:24:17.402063'),
('32atbkzdumx0efpeezly4hhcjcv7ks51', 'e30:1pQpbQ:eR046R2oRbfVKvMLc80QVOmGcGlAQJFfVu9YssYpj_k', '2023-02-25 13:07:40.665034'),
('32fj4aofi3hv9ra7wpo6vh8rxp39gub7', 'e30:1pLy4U:BXGbefXWwtLWOJiEMjqLdcFjN7o5VMfufauNb0RTyTI', '2023-02-12 03:09:34.473836'),
('33eppaj11wq0i6fiwktcsvnwpr5c5auu', 'e30:1pRqV3:gXYOW8t-TtCElQrmgubN59Nplyx1Kcmg4Q7POtSBIqE', '2023-02-28 08:17:17.533143'),
('33wmnini149xi8occh6dcln24csb2t0q', 'e30:1pCwhu:I5ETd-KnnnatllwlDMAWj0vY5GexqBPyeLlt22VUX2o', '2023-01-18 05:52:58.148973'),
('35nyuc6vhr77qa0o78sjiqdd0ji7ly9d', 'e30:1pLuJo:eZ9vq26huQj-7VieeOptu8uRAN1xy7B1n2xoK3waHA0', '2023-02-11 23:09:08.824405'),
('36dakf1ksb7ps8f7kjvf03a500ricgtf', 'e30:1pRXpV:ZlXh8j0H0oLKrupg8hBtsyydGWpPhJd122tuHSo0Hw4', '2023-02-27 12:21:09.414778'),
('371rblsfvl2jam78nerw7qpwxaqujefc', 'e30:1pS6uq:jDFRsVd_jpXLo88PxPhr0MHoDQ-bJJjcir7TNy3Q50Q', '2023-03-01 01:49:00.892994'),
('385gwzy9ppyatwtkfqmcvjqu0ulrfnw6', 'e30:1pTffg:XDKYB1RQmwWknWUkl9xAx54uytzoi_GfVaoY1xn1uhw', '2023-03-05 09:07:48.555597'),
('38nr4ehharabk40qh8im798doyhqhwmd', 'e30:1pRCOE:_thmH_saiTrwRLrlt3TEDvcuWAbIw2c5m3Udzx3Fcog', '2023-02-26 13:27:34.576716'),
('39o311q5o5bjeoojiwajzm6b4x214slk', 'e30:1pZy2J:jrijrlHXdIOQBbTmzGi6DHMSFFEEvhMWfOtL-kdqo1k', '2023-03-22 17:57:11.473488'),
('39rgtvf3d07loq80mkr0bsp0ddp247y9', 'e30:1pSEcB:dWrNN6DpMkGoGzuhytZuK3rNzqjr5_923UNczWvNZqo', '2023-03-01 10:02:15.147197'),
('39z99pz4jz67j2y52l08vjqk7z7mcot8', 'e30:1p5dwx:OSnhaO6YuR4NfU6T1K591xBpraXY83_KAAVJWgJZx2Q', '2022-12-29 02:26:19.995358'),
('3bceo92o6rpl3uifvbxxce44bg5jsa99', 'e30:1pUY4y:L6WQ92dPVX9Ni-Fo4MRNCjJ3cQRXYFxj6J25BCOOH8k', '2023-03-07 19:13:32.515476'),
('3bzl3gdh6a0x4ej2lz9r3j9xog5u3qgm', 'e30:1pS9y6:aaDnQA0T7whVyIScZhFwkXmj-GECzpeGK5hJn7sztJQ', '2023-03-01 05:04:34.462142'),
('3eyj4txugumcn58fjs8p19sd8dio0b3r', 'e30:1otude:D8gCdQ5WYMe5cnwIR7Phzx5D1pYKOlInemPKNjo2r3g', '2022-11-26 17:49:54.696760'),
('3fqqz24c3ukz7noncjgxwhgj4v340egv', 'e30:1pQ6QP:pV9waSJ8zJo-JFEf-BUe5bP8PbifblxDlYnIlJmj8BE', '2023-02-23 12:53:17.566952'),
('3kjddglwarglmqde5vdlge4mziohbyce', 'e30:1pR2Wn:ZFNygcA7SCv0ve57N8ISy0b4ZcclJyemCbR7fLaOp1k', '2023-02-26 02:55:45.121596'),
('3lf8bzpfm2g2ccq42stad6kfk99sro5d', 'e30:1ouUmS:Xmjzzs8NRwvPhO3t87c8U7yKBly0D9FWPBb-Rp1kWOg', '2022-11-28 08:25:24.059111'),
('3lkun4rhn1rrh5p2howxjrorw0dxbhog', 'e30:1papkR:-X17XbC8XKOU09lYmNmUPe93o5ekKTYgfMfeWoDgZt0', '2023-03-25 03:18:19.689116'),
('3mk6swx3opvxpb9gpzxrzt7hwa0ouh32', 'e30:1pQSVE:p_UehlSAT7WwJjEI5LKN2xeYWQo3G55eV3W3VFAusJg', '2023-02-24 12:27:44.408844'),
('3n0qd970ahb500dthqarrvs7729d3uqd', 'e30:1pZcjV:_4fF9L0LaADI2f_gNhFgXt5yXxc0fmEG0m25Yclr5Uk', '2023-03-21 19:12:21.911165'),
('3nea3af51dj3cbws2wmnyrh4hy59yskq', 'e30:1pRWjL:FXS9XL16Ib2F7Ph__IsfZcffk2MONcyhqBe9qLZm90w', '2023-02-27 11:10:43.653985'),
('3rik2j2zotnpy6begmh371a7iq8cy53p', 'e30:1pRaVu:gLdmH94NS2MOQXykxeehn2-nis-yjDRlKe2VYJiOfKQ', '2023-02-27 15:13:06.993504'),
('3t87951t98gwvwqcqkkp8y23xlr9pr8z', 'e30:1pCwhO:B7Zv5TNXmd9hqdKD0Eek7dItlVf55wp1R3bGRSIXn34', '2023-01-18 05:52:26.847134'),
('3to104u0rowzwknu5v0m0vzyhkmek3rk', 'e30:1oz2eJ:k5bShqfpRkSALytHmZcPIqs1OClyaUufXlpKRqtfSi0', '2022-12-10 21:23:47.475001'),
('3ujg7veqdb2vnb5gk5r4161auwmmsnj6', 'e30:1pa7dD:DHVtL393pjsv0qLmSjUHCHPXYZFKFpdvkqxA26vHM50', '2023-03-23 04:11:55.540247'),
('3vtpqrc57vwf4kjyl08ok1u71tyxc7ik', 'e30:1pSYvb:6DANcrMykYQtMIbg0MdHN4o5yjXX1pOECmm_DP9tWbA', '2023-03-02 07:43:39.277215'),
('3we6ku1kcrqj1uznkqq2b9tw0cl54pis', 'e30:1pTfqy:R7bOnsZTIiH3tI1psBatwpY-hlNxS7wmAoxpIq_mpPY', '2023-03-05 09:19:28.452590'),
('3wpv4waqncfigemegro2gekqsa016gdi', 'e30:1pa7bB:9q6AEpvwBKw4zmotq7dzN-HcNOo_JVDRreo53plK-8k', '2023-03-23 04:09:49.985830'),
('3x59sn2g1dv4tdcd0mpm1y2oebw295u1', 'e30:1pcMlg:UnWy8ekhR0tGopizG3O7niiCAe_3ufPkMl-eJDqnpGY', '2023-03-29 08:45:56.695827'),
('3xwgrw549jljzp3tfw6xuo543zdl6vsk', 'e30:1pL2x8:9BrOeDxOR4styU-60IrjBU04AZkY4huvo4qR2SRnNss', '2023-02-09 14:10:10.516282'),
('3y7iikm7qm2xpvmb6ilqenzymz6yoktt', 'e30:1pSmJL:v9PMyTAy2S8YnL6kfDLSiV7OS6PFnWc2OEuFZHMrGlg', '2023-03-02 22:01:03.100342'),
('3zxgyhnsnl3rk3wrh00xehyvyi9y2sf5', 'e30:1pZrEI:_wDrbSsMit3b28wcid2uaMjci970wO4tydDR2xR6PoI', '2023-03-22 10:41:06.360149'),
('41boyw5a589j3yih42ydgviuyq2i5ecn', 'e30:1pcuJQ:Ba8b9kOZdZI3_h00hhEiyC5s7GKDx8XKk93GXOkvTZA', '2023-03-30 20:35:00.412205'),
('43gssl0sjfek3ak4k2264qna0vmb5tc1', 'e30:1pSDQg:NmN14_kfQ9SfLTjZ7rabZbsjKCkqod3mzKFTl0jtIgg', '2023-03-01 08:46:18.718422'),
('43raw3emb87s3aw7078g1xkcab81ve6t', 'e30:1pRWP9:0WkkSYtE4C9M3Ba60ihJJqVbD8EA_0YXuvG8bOUnHf4', '2023-02-27 10:49:51.678210'),
('467qnjx1lwqsjfkfmgikf0lesyxkjdfn', 'e30:1pPex3:UvFvg4THobGjVg9bFva9caoR_sl6UMTie2D3dVSaMfw', '2023-02-22 07:33:09.420548'),
('47fkdd610p5y1ern59bqkfy3w888y0xs', 'e30:1pPN7V:orgIiTdWpGKzIXhV6zl_rzhNM0EkHrMHGiuzSNntpFM', '2023-02-21 12:30:45.852395'),
('48qyv8fq8cteehhcnl573oy2enub061d', 'e30:1pXfqF:uUsijZHg8YBSppgK1ugCIdrsOcRykXMSE8V_oR0S3Wk', '2023-03-16 10:07:15.221871'),
('497ox6a4fahzpjlsv3gkbhcvv0ng7dgl', 'e30:1pSmJY:akNqOKqyRiC-bZRTPprGhXz43cXZGglOvyV-XFKEJtg', '2023-03-02 22:01:16.288599'),
('4a37s0q89lu6xwoz50m1mi5uo2odar11', 'e30:1pCc0z:-lYlZzfv7oyabz2sT4T1pgDrX9mDGMZrK5Aj4J8MA6o', '2023-01-17 07:47:17.715763'),
('4br4yxisekjadg2a576dnc3siagqc1cj', 'e30:1patfO:u4aaLrrMQ4uJHE5Cl0f6SZDOk41dcMeiR3rN_4_e35I', '2023-03-25 07:29:22.851916'),
('4ci7wkraa1xkl7glv3uzhgcsekx7bhuq', 'e30:1pGIvP:d_BncX5TN_nVBx4aY0RTpvHqVX8WRFq7DVraZ_JpEEA', '2023-01-27 12:12:47.620083'),
('4dolnlccej3d9f5jzoi4tcbr0rp8sb8m', 'e30:1pMQXn:4D31O8umcilFmeZ-5a4yjMI2_JCR_LuvRvbPXYxIRww', '2023-02-13 09:33:43.025858'),
('4dzrlwlj1mnt78asq1l6jruvdcaay2hz', 'e30:1pT0rk:NSV8-EOVHnXT7-BS6-6uZxASYbZJgG9hYO3SABmFAZ4', '2023-03-03 13:33:32.546834'),
('4eezdgu9zwhrl1a0vw04pieghk4omlnv', 'e30:1pT4ZM:YHYdde-lKFPGeKjsZwn0XJ1Y7PlWcE390V6cT8FoFdY', '2023-03-03 17:30:48.416570'),
('4fhzjtyo7rljx20rl2utvnoa49ioxy6c', 'e30:1pPaXU:kvFfwuRd0_ff4-NqSz-luxhZ231uapePqYrb9A_Zt1A', '2023-02-22 02:50:28.214582'),
('4j5yv1nqb94hsl5c3yl2oc42osb7z224', 'e30:1pR36r:MKBheU8kYDg8MSikNg60-EJL313vSntApv90lPi6QYo', '2023-02-26 03:33:01.037165'),
('4lch2x7drdtxq7f4ccyld1l17vgf6lrz', 'e30:1pTd4C:JaMmdznpZfmBsg-xXfFI8cZbWtZ8ldivZtKDemrRA80', '2023-03-05 06:20:56.109532'),
('4qj6hrs4ysj1ri3jkvqjm8023nifqe8l', 'e30:1pPsWI:wTsaxC0Yuy9Ma59mghjzBAywUEw9apy0RuPI3cnw7KU', '2023-02-22 22:02:26.887653'),
('4qnrpu2ugqe4yndiyi4juktnww1huefy', 'e30:1pTJdM:wFOAc4l3-z2hspKKWWGA4bVrDDXqHqNujVoS01FhVls', '2023-03-04 09:35:56.267909'),
('4t52n7wsqxhjtlduln6e783llqb5mbq5', 'e30:1pUe8H:7F65lOsI8xdtVrsikUuMW1WbYFnoB1QDQXk9e6vRVqA', '2023-03-08 01:41:21.549323'),
('4tw1moh49etzsl71n9y5bl880ari7q1v', 'e30:1pSyhR:rA4Z5tcbO-Rel_uVg4eXfbyxeHIHb51HNi1ZjpV2oA4', '2023-03-03 11:14:45.114983'),
('4u0tgmu7o24taj2s5k20oj6kspd9k8dt', 'e30:1pROcT:6UEnn-UIYfEBfRcus2Z2CekG6UxTRslA-3QYR7j7D_k', '2023-02-27 02:31:05.894537'),
('4y3ccqqtl8bwzmv998idmpxgzev36i7a', 'e30:1paRWM:SdvJ_q5LFtEgfKMpG-HJHJhWUbPQ9v0Y-0cvo-CjJDQ', '2023-03-24 01:26:10.357700'),
('565y4n92iz4aemvzc339t4nqs9axaq2k', 'e30:1pSQ6I:uCSTpWExC5RFRjmh0S51jPkq-V9ixQ5JT1x1ZeFMXSQ', '2023-03-01 22:18:06.562437'),
('56fssszpba1n4eqmy1l99m6ysbe42uxm', 'e30:1pRzNA:OgYSS0m1o-5GKGsvREuW8nm0cXRSsqngJ3Hoh7j4yl0', '2023-02-28 17:45:44.685912'),
('589pezx8f98egqw7a0ktuu9xapr3hd6h', 'e30:1pTdG2:pCDBjp7dFrwkO_5iS3uM_JZfghntOHC3l5KwvFM9kuI', '2023-03-05 06:33:10.885798'),
('58y0d74vx6m86ortqumhfzny0rsbd82d', 'e30:1pTFti:ZlTJmoiEmlbqfKvcvVA4aVzO6JyuMOkEE4v5E8jLqX0', '2023-03-04 05:36:34.405004'),
('59b2g6bpd50swpmcqlmoizmxb2w76b6m', 'e30:1pWvef:A28apSOXgY87zlyt0n51u_OaPHFyNU8kXIe1u0eJxxY', '2023-03-14 08:48:13.297930'),
('5e69r04x5c88qewbej4ifbcyzklvup05', 'e30:1pNUFM:pd9apWzWDdVvqj5VpcItJTyvnmSbryKV_nxh3p_C3YM', '2023-02-16 07:43:04.835973'),
('5epmrcuwjrr1xbfiamhfhaqmcnh1ecmt', 'e30:1pY7Pt:PghIQD7TxRJRHule_2zkNMhRlKhAUxxDShvBaL_hdLc', '2023-03-17 15:33:53.004075'),
('5hx4evqs00ye24ph03l73340ery09cdj', 'e30:1p6x6Z:PHZTpakpZQtVDWbW2Lxpx-TjVh5W61REChFJ79UC_7I', '2023-01-01 17:05:39.767027'),
('5ii6skieqv8y3grf7ettkskxaddt869v', 'e30:1pRfcX:dZOVcaho3MYSVjYyMo7klj--Iid0PlYgXHUMIuEm9iM', '2023-02-27 20:40:17.318087'),
('5kxbjclq40y9y5y2hwnrgiy6j5aasqfz', 'e30:1pCwhv:jHinHi3aBWEGbB_Fo1sz6-TS9LB_JrLsMkY4afX7SRk', '2023-01-18 05:52:59.368462'),
('5leknljtr7wov92pc07wo2vwh5uglh6e', 'e30:1pSAts:gqjImsI9HdNmk-02knII9fkDEbQOppjSywSXeK-B5O0', '2023-03-01 06:04:16.682206'),
('5nwhnoigdbko9k5b7qlqqud0wi0rkep0', 'e30:1pQGyO:R2EGAJ_IefHrKZwgvLfLrarWA8zK_br9hM27nKDp6NQ', '2023-02-24 00:09:04.628767'),
('5o7s3vpkgnkixj3nn0v30z1qd7cr1pfu', 'e30:1pR2kU:p7f9PpJT3T350RD5tXJQXc7j0xdI3cHsI6zjp0XhzYg', '2023-02-26 03:09:54.389014'),
('5q9obgaildyz5mcnjusimk4bepmaa1da', 'e30:1pRqsl:h6osMtARPOLgDFqy5bJk35v0oxkXtnybgpnmFa4Wphg', '2023-02-28 08:41:47.720654'),
('5qja0tzftxlscxigu0mxn5sfxe7f3mr2', 'e30:1pGhyd:WINabRpwBDqKDqwKHx3AOIys5MhjeDdxnGc5XAncuQo', '2023-01-28 14:57:47.225030'),
('5quv04hvb3be2s6qaahl4gn3aj6irl4k', 'e30:1pPaXU:kvFfwuRd0_ff4-NqSz-luxhZ231uapePqYrb9A_Zt1A', '2023-02-22 02:50:28.342982'),
('5s8fbykohp2p9i8xgedyx77m6a9zkogp', 'e30:1pPwT3:N-EKxROJ0O3hR66xASYVZgybbxReSvvO4yiQFgrLeEU', '2023-02-23 02:15:21.754402'),
('5smu3b2vudhgpxahirrnlsfit6nx013e', 'e30:1pROU3:WHWg8X4zREToj6R1o0w5gX2ILJUdtZlV5K-C6CPIzzs', '2023-02-27 02:22:23.875449'),
('5t3xzvxlm1p7xusgh7dco5bz5eepckxt', 'e30:1pSwaE:Qb0w9NPHbfGiKKXuG4FDgvoRr3mJGgUeNk4-etLe4AU', '2023-03-03 08:59:10.736010'),
('5tcyhwmu0sbr6v6v10432whek9zm63zy', 'e30:1pbZck:UqXapo7xVopP1hFkiijDSxC-CyI8jeERI0sllLCW3MY', '2023-03-27 04:17:26.035322'),
('5wq2wx21fpv51moxxmc9n5ggywjy9d9y', 'e30:1pU0im:st0Jowq38hmf4DufwYqJrBicX75GqUk9z4SnCT96Ghw', '2023-03-06 07:36:24.234343'),
('5wwpbp09kgzomwb8a0cr7bcycc6eq60l', 'e30:1owP0F:O_uYOZUPMj91v7qPoTkgwoag_JCpAM4rYibVTlu1Hn8', '2022-12-03 14:39:31.991138'),
('5xtu55uciunynp1ib7r83rlud9qm9ku8', 'e30:1pSFTD:P82RySelW8q-YAA14ulTn3mKjajlqZ1rmyXUs58uWcI', '2023-03-01 10:57:03.148581'),
('5y85veqkwd84p6sswft424q7ze3ismyw', 'e30:1pDB6b:HeCwxeWw_MeFp_QFbA3M_y3DG-fHqkiBcbO7Gf-1qAg', '2023-01-18 21:15:25.444583'),
('5zs28rtfbn8mdd8dgg6ajjv384ydgh6f', 'e30:1pYKNX:C0TqvZurIN9TJIesJ8r5P0nzQdifjSfCqvC4_Ca-MX8', '2023-03-18 05:24:19.949838'),
('61wnch7cuvpib4wm8hs00qmvh63plo2d', 'e30:1pWvfd:DXkX0oGx30ytN-qo_gZKy4GO4WKs1hmAnjjKRPpOwfo', '2023-03-14 08:49:13.280351'),
('62bz6x40anjjhxj30pul6z4p2x7dchod', 'e30:1pTtrk:CUeDkwTzNCox9I9KDYtTvJfmH6EbMIN7AvEi7QjblHo', '2023-03-06 00:17:12.565477'),
('62jdwx0140jsh8b522uejk93v9sodftb', 'e30:1pDTls:fS7uz04c6qoz5Te4k_9-FEN6q1chfAL0b29u5rQEuCo', '2023-01-19 17:11:16.845113'),
('63b58vlx60gz9m12qcxxb8xppmsmxvv5', 'e30:1pM0WI:W7KfHopr4sIJmdKOwUVhUXeT0xWuBfdVgrdHaL-EtWk', '2023-02-12 05:46:26.098611'),
('63q1qji4ukgr52zwmj0ig0rxdrllv0k3', 'e30:1otwM4:lh9k6UBpDlPfNaVTZ67SPDTH2s_mymNW-KJJ-Flb87w', '2022-11-26 19:39:52.522886'),
('671mo0u9jiyxmtkpogofzkscur0vbf7t', '.eJxVjDsOAiEUAO9CbQiPP5b2e4YN7wGyaiDZT2W8uyHZQtuZybzZHI-9zseW13lJ7MqAXX4ZRnrmNkR6xHbvnHrb1wX5SPhpNz71lF-3s_0b1LjVsfUxgLZRo0cnbUlIKEALi2AyYKFicnCojEQZgILAkIC0d1oVAuXZ5wvknDfI:1pKNTF:XzdSFBASjVNh7biSqwPmaZw6lTlm3jeHRBLSQWxw4OY', '2023-02-07 17:52:33.693053'),
('6a62j26tlwx7i59bxedjbz89t1iw9x9i', 'e30:1pRikC:e7njLrtDafZ6j4SD8A2TUcCxqqOQxzlobPF0vkLHSCE', '2023-02-28 00:00:24.808590'),
('6cy0h0jkxbhaywb0nxhr2iy4gqf2fmok', 'e30:1ouUgT:53ilWjO72IAZnlgMYnqjONSS-QWq9Br-PiaobSsGpAo', '2022-11-28 08:19:13.076757'),
('6fz96sl57pd6rswxu47l8e1y4o0xmzil', 'e30:1pTQYE:ofLRKni70---yMVrVVtN0-cboqmus4aZl5Uz0Apx8kY', '2023-03-04 16:59:06.843204'),
('6gaiqyjru1wdsn66lxnlze8d1qdyctmp', 'e30:1pRpsQ:uzQ9i61zWaVfmjcdheP3-sGLcBMVYuAhltxcoBJXkBI', '2023-02-28 07:37:22.532114'),
('6gjxfifyv6mtvckvid2euu9djbvwhdm7', 'e30:1pSmIl:m6lLiQdsD4FvIKXfubtO4iFwN8Pnt8DGK5wkOs2vghY', '2023-03-02 22:00:27.281185'),
('6iisbttv11g57tdt0mxwdbc8pfskt5e4', 'e30:1pQkqV:uKd11MfCO83gWioFLopJyE6KE6p72sObh9NuVF0smH8', '2023-02-25 08:02:55.948638'),
('6iov89qw8rrnesb06gvrjwzkg7mms1j0', 'e30:1p1d20:8dJsBUbDJZ0OWj9uyKmecowUw02bKtQfSguBOyNiwAs', '2022-12-18 00:38:56.352013'),
('6jtesy7gxy0frd7aoe0fcp0wj2oghxrw', 'e30:1pRYUL:mJDEVlpg9YeMRX2-73IEw_WiB0i2xgXzYLOP-TsG2dg', '2023-02-27 13:03:21.853957'),
('6l18fiy2m3cq1fotixkph18xirlpycfo', 'e30:1pXp5u:rCmYzv1H-wskwqSQyWsEm2MdCo5uB5LEXeJ1N_x9D9w', '2023-03-16 20:00:02.653634'),
('6n76l5kbcgf88x4j0dyfh5azvngvyecn', 'e30:1pc6YN:ldbKNk2ibSpa_KooPUCflfSYAcFMDCNxOze_yaFjzAM', '2023-03-28 15:27:07.877178'),
('6nrjyzfqwpqqk95ioh0q2dbmd2a7jmen', 'e30:1pKwAU:aKLwuPX8Vp9kv8F-ReUYst5iWUVgTq6l2MY7ZDYG4GY', '2023-02-09 06:55:30.565755'),
('6nzq47zm70s33ehojjpq6ual39m5md9e', 'e30:1pRjpF:Qo-vPqNkFrOseE32LmTuRKpafB9-DIYvRPZTutglE3o', '2023-02-28 01:09:41.981910'),
('6p3dtzjar8wzm8pltafoq03vygm083xk', 'e30:1pGZMZ:jLDd3nInoKE91Ti06mX1SbbXEiv7QuuvaCY4s6umkjg', '2023-01-28 05:45:55.455312'),
('6r9omu8gm7kauvsutg7rxk9brmvrlxpr', 'e30:1pRlmy:92fxx-Vlgh16eUtWdnxPu_1lHOccTxKFV58qsZfd4Ak', '2023-02-28 03:15:28.849639'),
('6t90kan6t0rntwhrsv1vgx9q63l1fsdl', 'e30:1pcOmm:tAocPazBWpt7AxPal-3gJIOYEoQqQnzpN3VKSuY-bUk', '2023-03-29 10:55:12.460078'),
('6wm34bslc866v8pygycj0ucsi5pgabsd', 'e30:1pLVPo:opYL5LYtn9lBPQCQyWj5GyOknRlhuXFFhBtSQgjLz68', '2023-02-10 20:33:40.838752'),
('6yc43lxwxyro9hec0ea6oxqsabsi6xcm', 'e30:1paFU1:jof-R0RC-hDp0ZJCmk5WskyX6MnITAjcT6SycLTXp1s', '2023-03-23 12:34:57.152122'),
('708ditah4k35xhe61teh7fjsdcs5pn0j', 'e30:1pWKic:N_G4n47Y1jdAoelj0jwH8nc5_YKGd8hIapo_LrHn1hE', '2023-03-12 17:21:50.089252'),
('71123vmb3j6kqba1i5j8cci4obbv8594', 'e30:1pS5xH:R_bp2yrgM4FdfEupkeYiXjp3_araxidwuF-bbXs2vQ0', '2023-03-01 00:47:27.094584'),
('71sb7zibzizdwoxc8g59914sh0jplcc9', 'e30:1oygQC:ptGo7hUVZYz7DfjhNnI4EdptVZ5LNdse-lcKtmlAtu4', '2022-12-09 21:39:44.010127'),
('75iyxecbh1viseq9ol4e1ah9klera9cj', 'e30:1paCUs:bqyNpSsW3ZibBpSpRKsQbajaL8mR_AT8TogfJCFBVsQ', '2023-03-23 09:23:38.017825'),
('76f70qih8ozlvbrm7omqa5i3y6bnzc6z', 'e30:1pUMc0:IAY3uR0WAZKda2mzR3EMeZrsazqcSKbxf7XCtvYo04A', '2023-03-07 06:58:52.061126'),
('76ooux3tp3ogexbweloqrwwosmtsxvl1', 'e30:1pRU2s:43UG0EbMIAyr10o7o1Ud6flYx-fx5495UGwI0Mw92u4', '2023-02-27 08:18:42.197441'),
('77ezbe4af1ewpqsxu76mdpgi0xou5hjn', 'e30:1pRbig:bVLrTjmQJ1n22zm4mss2sxhRlMg6WvFGgfFNtEVKQq0', '2023-02-27 16:30:22.264667'),
('78ffmg7tea16slrxe1bu2n5en7ld5iah', 'e30:1pT3lJ:AGZqoGJ4CTThUXgsJKJn8EGiilHcyqntNZYbm54awIQ', '2023-03-03 16:39:05.305740'),
('794vmqu1yd2hi5q4efgeemaj39hhc7hp', 'e30:1pR9Mc:L0BpYB286CMZVKPGN4BOMmZDzi0o6dB9rc9MOug5n3o', '2023-02-26 10:13:42.183900'),
('79lro8g59cpkyhd1ns1dsfueczxd6e5d', 'e30:1pRVO9:LoK9z_lpJI2995llbDUtn05A-4eWVzCE9mTZOZrt-Is', '2023-02-27 09:44:45.218876'),
('7b7gzf9fdbs7xjhyvajfmdqz7e8dw7df', 'e30:1pPaXa:--M7Dk576Z-Su61QLXye3FDyrl5TWIG-_oMT-Bz5Dvs', '2023-02-22 02:50:34.458623'),
('7c1lb6nc88xq7ew198rzfo5flbvn5ihb', 'e30:1pQSM0:8UFbYj834xiwfjFtdd2tk8wureI20CAtW1XIutPxqsk', '2023-02-24 12:18:12.624031'),
('7c4wccz0fxkfts9io15wkkxnwswa2ahi', 'e30:1pGzcu:mSOwQgCmCUNzgdW8QAFdsnzDwMv05DhM_oFkL4ZQpRE', '2023-01-29 09:48:32.817982'),
('7d9br6cbbfu0pjycktev22rpuipnduhw', 'e30:1pQPko:n6RySdeymMupJdbLjdnQinD4I9MTXiIFYqlkLq5Ize4', '2023-02-24 09:31:38.668684'),
('7djo8vynz0jw84rhrzv6005b68n6fn1s', 'e30:1pYpF5:UNiyo_ywTm0BGpD88EVikNsynTEU4paZGC27bc25Eug', '2023-03-19 14:21:39.492325'),
('7fpopi337dt94e57ns605rxhjzhqwzgz', 'e30:1pZh7p:M_0fLmw1tEUyHpnsUEpTBizuqXoA-fn_B6YGA5Z8uI4', '2023-03-21 23:53:45.821386'),
('7kxv4ydg2ln620wnn5izs418rr2hi299', 'e30:1pW7Kq:xb4bCGoG5XCCS-57DdwonFvYPZqPB-e0tCVISGjfmzA', '2023-03-12 03:04:24.538815'),
('7obgjcf1s4iq3d46u3o95y5raiplaycs', 'e30:1pFdLL:r6RGQHIDQ0XE01C4PMo7Zi3eCqWyowsZUIkanWMc4E4', '2023-01-25 15:48:47.988014'),
('7pe9so4tpt0oyrebbaof2g5s73qcgmqk', 'e30:1pR6KC:-HVSRt0TNtw_DhFPFZM-mMtrte0OqFd4b_P3mJ9lAS4', '2023-02-26 06:59:00.834448'),
('7qdz87b4upiyxgvqm546wcgwc9p1md75', 'e30:1pRp8N:x_ltm4UICqZO-6pslggpSr_Ipd-LszePerMRXKkVCHk', '2023-02-28 06:49:47.861021'),
('7r2d7peyy58f16ynnfzejpk5esmm59a9', 'e30:1ourF3:DiJZH4qyxljXp0-gY14t5JIbizohyDTD0Fj_Jui21tY', '2022-11-29 08:24:25.874081'),
('7rpqsvdl02nimn7m5wwkmduqrxkwpns2', 'e30:1pQy20:8_O3l_7lx3rn5_69_Zj4fMJjVRKjXYoFb_wSPIuQGkE', '2023-02-25 22:07:40.187562'),
('7s9ra7db28jvriefiidyrohulc0wpmzx', 'e30:1pR37Z:sTbYriVHlIrWQcKbQF7bgoI82mY7p3LxaoSpesv-57s', '2023-02-26 03:33:45.816323'),
('7uwzf6q9yh99kat9ki8w991zt363uiv8', 'e30:1pY0TQ:ot31e0RwzzyyWGZFjVj8qFlLIdjT_b8UUuRTnt3ALA0', '2023-03-17 08:09:04.084378'),
('7xdh0dtdso43jabnloz8ik8otnolwda8', 'e30:1pU2rT:RoSoqumbxmokNtr1v7LvargL_QAqizGjzmU4hgb7I4I', '2023-03-06 09:53:31.159039'),
('7xhsy3gv4cmuhtascf27xc7iwbs2viyc', 'e30:1pRfTi:YFpUyiGQweJtGYWkaAcf490iPmEbGat3-VTDDKrn13M', '2023-02-27 20:31:10.048511'),
('7y2re14ray698e5vwiqdo05oq5rspg8j', 'e30:1pO3j4:zmTDE9bswLAKDHgVf4oCv3b7zCgGH7htQW1qstLAoAc', '2023-02-17 21:36:06.676054'),
('8145d5pw29e4hvk5z501me87mpt8ejfg', 'e30:1pRZUl:OTJsjiZndIj75D8dWuQmg03Gda8btTlyK4_XpbzFsTQ', '2023-02-27 14:07:51.228795'),
('83385zeywfdpkgty5dvvc8zqz80v48uj', 'e30:1pTPpM:PNLTry6ZdaGjIIwpPj3t095hMh88I031Sc1pIz0sBbM', '2023-03-04 16:12:44.231451'),
('83b2mz8iv7uva9j53mlhg38q850si3y1', 'e30:1pU2ra:I_ULtW2TdGeHH6erwiAGaRf1j9_JFpvzb8amE4jaxoU', '2023-03-06 09:53:38.779186'),
('83to0zfiz82goa4hkiwujz8p8y7xezf8', 'e30:1pRtoZ:rgnEdRwk2lHpU7D_2O4Z2nqA1zc0GbZR9VBPI_O8IxA', '2023-02-28 11:49:39.988990'),
('86i9p4de0dwt44xzs2t6gqfil1hwd237', 'e30:1pSLTO:BwcElL0eOGnwVmJxM3TzWNFSAZVA4vuDQLjUZrNWkZ4', '2023-03-01 17:21:38.670544'),
('86sjyf32m1d06tjtr3zi9pegom6ri7px', 'e30:1pCwhN:qyjv2VJfg_7pUlWaC6K6XlfZm5ss5TWuACvsHoGmu5E', '2023-01-18 05:52:25.726354'),
('87uwpx1usuvpyjlyt9vjo7mnzxqu6cit', 'e30:1pEBmp:CMNx5S7M9NM62U5d6da0mUEk6J4AMcReB06_rIDj61M', '2023-01-21 16:11:11.687586'),
('8bg791i38atpqeuc5e3imyzaynz3z1yf', 'e30:1pSCfq:SFfuvHVatGXRl3G_rVQtaDfrEMMVWDZoRYBVkrvikKw', '2023-03-01 07:57:54.014221'),
('8gtgdr82eyg7484fkl0tu427fy6nodhn', 'e30:1ovfX0:tOwXE0fKa4C3Vk5QeY2PJKvRT6p1Kpf2a08ub4gM_CI', '2022-12-01 14:06:18.337431'),
('8igb7v4p9nib8t8p0kgx8iywl33tt3id', 'e30:1pLj2M:6o4El4cXnGUAHOkKqW6216W6toUnbRLYUpS3PM80i_k', '2023-02-11 11:06:22.704144'),
('8js9p33stsoeee40agvm1j0m6amcblg1', 'e30:1pZscv:aLXeptgge_qFJU2HlQj1mt_KZ5EnU1wTN3qi68RuHls', '2023-03-22 12:10:37.648223'),
('8ni7ws0mmqgnjabcgy3u95n30c1yswi6', 'e30:1pUuqX:CGuHXZPf57lGpPQYjAfJRhwi0mnZUG-uxj9VBuanYDE', '2023-03-08 19:32:09.338418'),
('8q763c0dj3gtzg3fqa71h1yjxoz5r3sv', 'e30:1pSVIz:T6UNHTOrtXFWUGvkPOjXfgLee29JOdXA3E5pRgad9B0', '2023-03-02 03:51:33.580292'),
('8qeyj4ftfiwmrd2democofouabbt9enn', 'e30:1pQmqN:aXBbaqAvHJw3D2c-f6DeAG-LA5pT6pMPXqae-ovrqBo', '2023-02-25 10:10:55.813407'),
('8s89cnvrckckbt9ygl682yl8j7yuctua', 'e30:1pTQv1:rIWH2OrP43L29OWw7nUmzhTfUUCCY-4vBOMMhvHxU0g', '2023-03-04 17:22:39.804319'),
('8uw83saqwn1hj8dawvs6e4w1m6awi92g', 'e30:1pRwvA:6GqBnu6_hfpXu4OehctkAkCgt3cUyS0m8PmnRhBNfSs', '2023-02-28 15:08:40.657702'),
('8xffxubjzu9o8kbr0ljshfe5birf4lvl', 'e30:1pRApX:GMvavCiFFxcXAJnXwZYJqHOoRvcg8k9rtgG52zIxXq8', '2023-02-26 11:47:39.995608'),
('8yx0gxty147orqdy5kbb3cqayg06er1w', 'e30:1pUMtI:p_d1SB5DjSjIwm2VfoXGbJ5h-9tFviAAYhFLwrg0_9g', '2023-03-07 07:16:44.564361'),
('8zql7j9glbi1z8g7oj2gxqxiziz1kz5p', 'e30:1pXpsu:mBEzk6BWI6mw5kabkHYtBSCOjEXTEMad42l337Q39Ac', '2023-03-16 20:50:40.874024'),
('905grswxfs3kee99rj3uvycui57gtm8w', 'e30:1p55dT:xrzpKiepjM5V_MycLalzSrAaD3k81YbfnZTi510sBv4', '2022-12-27 13:47:55.609309'),
('90o5aulybd9k47z2fl73vbbzi3jmsru1', 'e30:1pQElH:DialwP_1zE1yQP65AdFVLzxOdFy98RXjbaf-JcVD1zg', '2023-02-23 21:47:23.965490'),
('919eg967yw5yjjn77mrws3wgrjnr7ntt', 'e30:1pGcwX:JxsIk2eHO301IRVSnj13XysKMz-NSG0cIIuv3le1sN8', '2023-01-28 09:35:17.475036'),
('954xffgwpqemp6nr7htliv5o5nzfzze8', 'e30:1pT2CT:3bslmqeqJZEhWBd2PtcpJVpWC0Rtaq-BU3hexX6TmLc', '2023-03-03 14:59:01.456369'),
('959i0kd15efgm50ag86hv1oeayvjxlfg', 'e30:1pY6p2:elt0o-Q2WPBboONb28BunV_Ufcp6NwEeKH0tWqxJt3c', '2023-03-17 14:55:48.654581'),
('96fek5h4bs56a20buias54ypv1s4ebqs', 'e30:1pN4QM:mvPg1U37baTaJ5LQPXhotgTUzejfuaHNDWgNdWLruPE', '2023-02-15 04:08:42.990418'),
('96x5caktyfh3ngpjoy25a7ikvch3gdup', 'e30:1pSCXz:9A9JyuzhN2ai33LYz5ty8UAPrryQG3Yawfoa8Gw2_gA', '2023-03-01 07:49:47.813171'),
('98k9p0ad1ehq0pspupc9ub9outuv2t4p', 'e30:1pRhih:xpjdsQKyEqEvufQvwC-SljJWipKB8WFbeBVosaWL_-c', '2023-02-27 22:54:47.391798'),
('9986d255lz0e6w4kftalr4kamp7v8guc', 'e30:1pM0WJ:d5HaPktkce3vdsRTzePF0md45lLQ_1yWlebGlBTvYBM', '2023-02-12 05:46:27.492036'),
('99d8os54kxchip83jpvoucpurp5yo615', 'e30:1pN9jA:g3CGw6LVchtKMHrMy80hMNbkrMEkUGllRy7bqjVAPgY', '2023-02-15 09:48:28.029713'),
('9asni7rvrna17c59ohg1qm18n48m77se', '.eJxVjEEOwiAQAP_C2RBkF9p69O4byMIuUjU0Ke3J-HdD0oNeZybzVoH2rYS9yRpmVhdl1emXRUpPqV3wg-p90Wmp2zpH3RN92KZvC8vrerR_g0Kt9K0HRwmAyefksmCeOAN7A6OzeXSIDINYQeAoxoNBzDScHQlYoonU5wvubTgr:1p7XTM:5Y61ff8m6aNt_M7ONjT-AMmHDE02Xokp9I-mIxV6AJ4', '2023-01-03 07:55:36.726532'),
('9azqareh13wn258ckogtx2pbydiocu26', 'e30:1pbkIC:tzpFEgE_kluBxF7OUZ5FmatXhurqnk7B-QRyCJoWNGc', '2023-03-27 15:40:56.081589'),
('9ctke1pd10vw40cxmfac51e91s7q4mbv', 'e30:1pSfuY:81mo4P4HnfZxx3s-tvcX_qtlGphoezCo7keP8TZNcyM', '2023-03-02 15:11:02.408506'),
('9fwjt38h5b1ysvu9wkmshfl9f0ok7eho', 'e30:1pYjw4:t-UVI81ct4Vj-KOYnWj4Dk2iDhOqO8iPj6SzQJS2vVA', '2023-03-19 08:41:40.417480'),
('9gejphhoyuwh77nw1demwismpfojfpiy', 'e30:1pQCPZ:Oz2O5-9zbw0sCbwwzqqRhjtn1bMeyYWLnpQv267RiYc', '2023-02-23 19:16:49.598521'),
('9jk9nymp3hc00mk4bd6phmz7ib5d73tc', 'e30:1pSfz5:yKgEXJ1J6cLUJMU4SSfekYFC0hANIuz2uG2zt9kxsKY', '2023-03-02 15:15:43.170178'),
('9ki5ijedw77e39r537axtu4zxj6egttg', 'e30:1pGKff:wEeNFIgcLnvRLcQvMOIcEIAoW7yzhssaybJlk90bfaE', '2023-01-27 14:04:39.031679'),
('9kus0h80a872avg7ztvjhs1n83gjjy4q', 'e30:1pNUzY:0ZKB0pnWsZbn0DvN5wgk8Omp14mwsB1r1Iw5HXDH45M', '2023-02-16 08:30:48.546145'),
('9may5jjcp74f1z9j812qo0dn5eizt7r8', 'e30:1pQyjN:Od9o8O-wq0RP6JkDLNVaAO_qBFSxkfv3GfbnYD6YFFY', '2023-02-25 22:52:29.118259'),
('9o0r8o85kwvuab38iugkploe82152cjc', 'e30:1pRAYJ:ze3MQl9rEP6F6WK9Qn2kicZBwu3_c3cwrtvg904CFN0', '2023-02-26 11:29:51.961131'),
('9oxg8aaw7wtqsgowkeea96k1s79qn3wl', 'e30:1pRtQv:N25SXRTw8gUd1drxBkTgSHRwiMHJvqsKzHEi9CxT5qc', '2023-02-28 11:25:13.610776'),
('9qdklvlyg4ugwc1604u2ifn369v538if', 'e30:1pRy11:XegkrOwkRViJf8mpWE8YrkaRORLsiSVVMooyKGL_gH4', '2023-02-28 16:18:47.450384'),
('9qnt2f3iu5rkg9n1z3yjuiohyfa4vf54', 'e30:1pTXmD:MgvNA4AJOBCfP_X_XHZjVQBTPS6BewRmGAD-crzMMBE', '2023-03-05 00:42:01.442873'),
('9s203tmdgkt8dbsyba1g96kw4r50uatu', 'e30:1pCwhu:I5ETd-KnnnatllwlDMAWj0vY5GexqBPyeLlt22VUX2o', '2023-01-18 05:52:58.105617'),
('9sdeu2bvcr0bvysqpjli2esn5wo6wwbj', 'e30:1pQpA1:07Qm8HRNC0xQatHNajkkwz3fxjwBajkv01Ze3oQGDjQ', '2023-02-25 12:39:21.056634'),
('9tdp1xs02nwmwwb9211fmwddzwurl2vb', 'e30:1pOcfW:smSpYQoXnYbxYHQ_xIZAJGD6J7zcRvXWyLtElMATRJk', '2023-02-19 10:54:46.568379'),
('9tfn3fn8tgwfttk7tmqa83jx6s7l24km', 'e30:1pBSE0:82fNDbTj6uKp7NQP6vl_tPuHSIFq3i_TWaLmD_LKSYM', '2023-01-14 03:07:56.689283'),
('9tyf7qtdju7p84d137jc7m8ozh5yu97n', 'e30:1pZm5o:rvT4CqOawSX-bshVwXjA_p9edH5jLWwCcrUMeHtCy5o', '2023-03-22 05:12:00.606350'),
('9uf21jmeku12z91xuazhlmmzslmb1b8x', 'e30:1pV8eE:2bNddqhVyTgTA40mf61pV_A3C_oU9Wjx8HR__9QBJ7Q', '2023-03-09 10:16:22.154845'),
('9us1syl1eql2t7berhftq5t3czfegj04', 'e30:1p2A87:I-haA19N7ntWrKh68LKkjXYxmbbFSCpDjko-Csvbsn8', '2022-12-19 11:59:27.647843'),
('9yqwe1ob99b57aaise7k8m9uy86n3dci', 'e30:1pOcgH:f-iIXvWlcniv5CxpELsvABqTWnWYMJh5qT7f7ZbG_js', '2023-02-19 10:55:33.608755'),
('a2flrmdaa4vpzqye1h5jii0ntljjt9fd', 'e30:1pRFd6:TeOJsmqZFl_t4MkK7t5QvE4Lf4VaIjLQWPpB-AimPv0', '2023-02-26 16:55:08.966268'),
('a4ydzm0m4nu06a20jejekrchu1fht7u1', 'e30:1pRsVY:3ruWvd-Zi8ke0rXUo6CQ32gvnVQ7BLePnzL10JjZm_c', '2023-02-28 10:25:56.775980'),
('a61yybk4zlxwjekqtoqxsypkarm3ywy5', 'e30:1pGzcu:mSOwQgCmCUNzgdW8QAFdsnzDwMv05DhM_oFkL4ZQpRE', '2023-01-29 09:48:32.818654'),
('a621lhvjc7m81a5imbo53nxxlr1m6mdh', 'e30:1pTRwP:H2AsgtDHSelexF--bb1uyznFetIF8cYz-wkSaQvsFBM', '2023-03-04 18:28:09.318200'),
('a793sivubg1jqw2bk3ghp4memspfmro1', 'e30:1pUJ9F:yWQ2U_Bf7zeE7e9K0N1buvddtUmz6660-blNFV9QuUk', '2023-03-07 03:16:57.903127'),
('a7rloxc3baaasrhxeb8jeavv6kopg9j1', 'e30:1paYKj:ysCM7IKmwpQHYG-0cNjGbmLZ05q-Ty25cs96myNrQqo', '2023-03-24 08:42:37.074601'),
('a8nvld4x0ukr5b85kq25gq3svutnxbld', 'e30:1owVEB:d23u35EaQlEsMnRukFkKePNEQVKcaBEksz-mte7pkh4', '2022-12-03 21:18:19.658756'),
('a8t1958sfuuvlv817skei94kvg7e1l5y', 'e30:1pMjkB:lVUi91fwBFF3m5QL485TJalufSl2kN_P0BZJfQfxBGM', '2023-02-14 06:03:47.535667'),
('abbljokl5tkcd6nwp96h861ggfitnx4v', 'e30:1pbLVY:_cV4kXfV4GlGL-0vDpin8YiwysYSaSLTdV22zN98KwQ', '2023-03-26 13:13:04.719859'),
('abwpjgjq27j4dtfixrui1a9qlxoo1fq7', 'e30:1p0ELA:GatgA1G-ykk5B6MzhyiVX0S0WLIV-pK2qmzIZQ-9Nvw', '2022-12-14 04:04:56.574958'),
('acgx4tai3pqhxusmofvgi6g3men7ojjd', 'e30:1otwaN:b5H7HgIkzT2d5gcBPA8jUHELrnUsMCE-fGpkWj1OWWg', '2022-11-26 19:54:39.917180'),
('acz24ht3ej1eads1dui0faw8o60fxmun', 'e30:1pQuol:GaMhJrW0xIhiAPcPVJ7de4WqOjPeFtKdS3S4xYnCVVQ', '2023-02-25 18:41:47.246166'),
('ad2i19phi39rhclkm4p45mxpt8q0fze2', 'e30:1pRPhP:fuVFt-zwniXmlTz3j1D1Bp49xktvd-tXrGK39OVfU3g', '2023-02-27 03:40:15.810889'),
('ad3jke5xhpiy7magewy0pv81nvyke4pp', 'e30:1pYCV3:th4XraZDsctI3GHK7mZfS7Gou5hyy6vpwZG-PVegpMA', '2023-03-17 20:59:33.158192'),
('aduurpb9ic71kugauxeaujc84svgftip', 'e30:1pQu8Q:izBCY2QWJelZn07AiGh8tp1oPpgX9r184YOje2dSWSU', '2023-02-25 17:58:02.360623'),
('ae016688nvffso6mnqxtaqhcotokn8si', 'e30:1pNHcN:WV77kpvx9vnRMffygXi9TynVtj518Bqd_F2MFAVG33E', '2023-02-15 18:13:59.099222'),
('aefgggazzgg5795z9lv1cq8thpkdk67o', 'e30:1pUhJS:9aq33SN5YLSvZYJFRnEy8lwUGsNbYlMEUyEJZxKG5Go', '2023-03-08 05:05:06.414328'),
('aeqkrhy2dbgc1rign9hb0hxvokpyjwtr', 'e30:1pZcig:Lhtq6CBk97T13G7V_UsgZT0etAQX7Q1b_oS5U8j3jFg', '2023-03-21 19:11:30.473134'),
('agkty668ie82og283ze2n7z82szqs1vu', 'e30:1pL5HI:M0-4sPwpwjkLEYq-mm-vQK-reczlFnMzJnavVQgGB84', '2023-02-09 16:39:08.829662'),
('ahc1rzhssxn7nrk7vd9dd3ckme6drn2d', 'e30:1pTHt2:xCrLbyFNhn39wEHs9Cz2FiompXhLwGmv2uEognN4a5o', '2023-03-04 07:44:00.827430'),
('ahdxtpyfq0ica6ouwrdgdcmw4wxmg0ij', 'e30:1ovrMn:VoSENM3S3dk2eaW9KeFfHi79LTpmr8wID0FE-JlpuvA', '2022-12-02 02:44:33.884995'),
('ahhxlfxiynnr9gn1ltenloox5aj2yptl', 'e30:1pYJG6:Bke9mC0sH4KdCB2dCtAlGwlV_MS343Twy0m2Kx3k57w', '2023-03-18 04:12:34.724264'),
('aiwxr555i76v70orre4i5hu85zsitsf2', 'e30:1p0EL1:p50sD0_U1tkyGKuZn81qVgk1K2ijT4H6sLbLjgIMSbo', '2022-12-14 04:04:47.576698'),
('ap2o3xds8rkzrqgs1cmpc9tq8n87w5bg', 'e30:1pXRY5:Mx3fULv9r4Y_ZTZOK_JbgHwcgHt3iCpYECKE-epxmOU', '2023-03-15 18:51:33.103129'),
('apvd59yvlf4v0sll89ks0i8qqn4m7agx', 'e30:1pCMAO:qPdlBIGYKEGo_pmVb7Pf3acJ-mmM-FtEfa6VGb07HdI', '2023-01-16 14:51:56.921930'),
('aq0hwg1zn2azopstbe2a5224w118n6yf', 'e30:1ozZyx:kkaJkHvS0-r38Wk1EAkIW_ikx6LaKbIJ1YOSMObC-aE', '2022-12-12 08:59:19.726985'),
('atdwjt9yp1e27rdmvijt108f0et8o76r', 'e30:1pa1bQ:PfWpr-SppUGg6SB9R5lzRmJF50e0LA0Nrml9uH5SjeA', '2023-03-22 21:45:40.419234'),
('awh96czsmsy1ay9lfxu2mj22wwohguem', 'e30:1pQafM:N2vM8X71jCaQDNv1BLvOwWdOiqRFr2CIyegu77Gs-s8', '2023-02-24 21:10:44.393683'),
('ayj1a8hww1ir7kyff3n30xaep2ujx5ln', 'e30:1pS9Qd:fJhZbIeAUHBbp_MuAemDriPKDdxh_23HBwpUcHrrnrA', '2023-03-01 04:29:59.412311'),
('ayrpjrq4q7yz3gpamvizesm8tpkswtk8', 'e30:1pRV3Y:40-Jf4-gQmeJzBy8jnIFURIxTXDmFsBnLK3sqK911uc', '2023-02-27 09:23:28.075275'),
('b1kv5j6nfcobxhy9m0cvq2wzbwhdn268', 'e30:1pRUMo:zg3nYg-DEovHd-hN6KTR6x21Wd4KHGWvOAGl9qtMfzI', '2023-02-27 08:39:18.273623'),
('b29fvgsgfvla1cjm0v8diy5zpmtdctfv', 'e30:1pWa8y:HlB7_wAuHV6QB0epnm5W-SpjE_DFESlLq2rBCmXrzFA', '2023-03-13 09:50:04.040028'),
('b2i4pxqv7r212cn7pkc1rsubndc6wmdp', 'e30:1pLvFn:KhsFkd2VHbQhWwYCyLfXPKV6hmTS2e2sqfBA93naBe4', '2023-02-12 00:09:03.447419'),
('b323cu4yrmfjx6tto6z8pudq1djmm2xc', 'e30:1otvNc:Axle5eAyBFcO5tyovYZgq1IvwiARvOwLOwMUKowvcDE', '2022-11-26 18:37:24.945121'),
('b3q31p444g0hggq5pudovzcqmp5rpfqw', 'e30:1pUf37:YvxGok6qAGuRfCB-N2FUsRyLsyzDOD5ljUK-OGZw3Mg', '2023-03-08 02:40:05.135881'),
('b4gobkibgv4l0t6hbx53hxfpwkjqdnuy', 'eyJ1aWQiOiIxIn0:1pQrMc:e5jCQNFkYZVONJnS4ac9Snn9upqK3YzCS7uRqpOxK3E', '2023-02-25 15:00:30.210899'),
('b5o7h5l8ss5bssvdaa2zwaqeegj5dx7d', 'e30:1pTCmw:8wKAb-rp_2BlHBcWmD_-UhMvMXabdgsvmLRpZ6VqqJk', '2023-03-04 02:17:22.468149'),
('b61ad2tntegkrdg6j1kcrlu0rdl7aalp', 'e30:1pDiRM:fPGZhybEYybqLZXfPv_6WWvNkLsCn-JuB7qBH191bxA', '2023-01-20 08:51:04.983204'),
('bawxrfiiaue6l78sbbsvvfj5m6foc2tm', 'e30:1pEf3p:7eIMBIKJ9CEnb4DECC4t1lU26F5XRa0yf4eK2pxXByw', '2023-01-22 23:26:41.963928'),
('bbrsnha8htjlkocx2ae2zfw3pos9iu2h', 'e30:1pSMGc:c_UsH5xX4rZXch56sN-XwXmjhe34RAjinKJyF-bTw4A', '2023-03-01 18:12:30.337418'),
('bdawq92jd1n8j0ofsrnxn69xxe0mkl4z', 'e30:1pTxEb:thj-rNnv7N09s7eCf9x4mnOSd0uLU4pyyjLfHgmoiCM', '2023-03-06 03:53:01.055143'),
('bfm14pnv7qphebysznjp9c6btflthxbf', 'e30:1pRV35:TkYwuHcf03EjdVMmVFMy4Gxw62dMmqP8HGdzBlM4xLc', '2023-02-27 09:22:59.711791'),
('bhju2183mkympo8q4mzmnbwgg61nas1p', 'e30:1pQ7L0:RKMhi9mRq-UO0I_UYePXUQ5mIRLfZtm-IECWgr3dsK8', '2023-02-23 13:51:46.486601'),
('bhrpxigih2geyhz67akm7ejvxa9pniwd', 'e30:1pd5vv:Wx4wbnhx4qgHIFwJ--F8FIsEOqTeB0HdFXpUnO4jz0E', '2023-03-31 08:59:31.955993'),
('bkmaz1tl50yuzhd88iiwxww43u3retvu', 'e30:1pbPBb:yrJLUgje2jSHP3XAU11rwQkou3C2glAop2306KYBTWk', '2023-03-26 17:08:43.733938'),
('bnuv2zpryjanq48hu27xvvnicxempb6j', 'e30:1pNMJp:aNiCF1PlKFPPVYlcG3TM_gE7y5_AbyQ6tevb3-89UjU', '2023-02-15 23:15:09.151271'),
('boz0yhssae6boofgl72500ynfdl3o7ux', 'e30:1pTfrK:cBmJnGK4boxuD-xMg-5tVOCzTPT32M5krIE5g6cKpLM', '2023-03-05 09:19:50.635004'),
('bqrazoz0j8992jukpf9r8fwtfn5sj1sa', 'e30:1pXiHw:md1SwVsTttSSdsoYoM7cIRrQRANjELJU6u_WkaZ1uKQ', '2023-03-16 12:44:00.258628'),
('bto6vug9s3pkx4ujnpcc9ayn1ioqyy8r', 'e30:1pSyPU:fdyor-nR_Qsj0zk9HRsYrwo7nuRzENkV5NuoDfYbLSQ', '2023-03-03 10:56:12.048163'),
('buze90887gv4wat4qe5pc4reyzgv7dbk', 'e30:1ox2WO:TKQXOpMO6NUEY5rzrlptFDAVKMWcKrgrNU-iiDK-ETQ', '2022-12-05 08:51:20.054136'),
('bv287bnuk792hawbravnffv8udlwpb16', 'e30:1pUuqX:CGuHXZPf57lGpPQYjAfJRhwi0mnZUG-uxj9VBuanYDE', '2023-03-08 19:32:09.345537'),
('bwhpjozsuqmnreygx9itoyjr9a7emvxy', 'e30:1pSMYw:on5JprzyUMCLM-M7m4NFxCGKg8Ju3KJ-8q-3EWvB1ic', '2023-03-01 18:31:26.119805'),
('bwpkdb9wy26r6bra0k1emebqok1xw08f', 'e30:1pQyQl:xVvMlGoUq-XB0aah1MaMQpxjBkQEKq_lvZdYw_b7L3o', '2023-02-25 22:33:15.888107'),
('bx82ygjrf0w6xhrib43ek4mm1s6y5a69', 'e30:1pYJGe:UgbCV7nfKwU1edVEu_JJJZRnadgASFrHdyoNhofMwAs', '2023-03-18 04:13:08.866361'),
('c1ytdt8jk56ewur7cx9lfw7amqt620jd', 'e30:1pX0Ww:UC_LbJVgRWW6u2fOex4NEVAg-aZOZXt8NK-mIzWyEeg', '2023-03-14 14:00:34.068776'),
('c24j4mthyhyy9hn21o6iarvg8u8k2oyl', 'e30:1pZeR7:xYyd--eJW9eWxYpe0aA9-b4JNLHUltQdI1nLhXaLkvI', '2023-03-21 21:01:29.921598'),
('c3kakb1uea021vtpdnag4t1rx983qttl', 'e30:1pRmRO:CDtN258rJozKWQmQFPSByQHsKVkxzKSIksSxQQbFcoo', '2023-02-28 03:57:14.279883'),
('c3oq3giuqbtqqqyp0ftze4yp7zf04wln', 'e30:1pQwR3:4P81Gw0yuYPRBGHwaL1qPT1F-vA83damxdzNf_J2rFg', '2023-02-25 20:25:25.902264'),
('c8dj2ax5s9fia5ndkau6ofcvlld8co6k', 'e30:1pWvfc:oLlzaubQXpVzNmAU2iyp2WITFoDDs33gkLVLI03Kx4w', '2023-03-14 08:49:12.237170'),
('c9456iala40p59eydmr9czeojk3s3b4s', 'e30:1pMnss:DuJ_MRAOzbaatExuz0C5Lbk-AcHaYdCxlqI0Vc2T5Uw', '2023-02-14 10:29:02.412244'),
('c9szssnwvwlaatb5y89e8mjozy9g01cj', 'e30:1pRqiw:QGp7FIaHAoKU0v5slR-bsTBlXvMVEMgpG2qnf2I2l2Q', '2023-02-28 08:31:38.594123'),
('cai08veor6swbxh5pfoagg5vsv7jw6m5', 'e30:1pSfun:YMspW3x8f-jCtRuTb4V2lgfOzM6SXKeEE0TvdBOBpAQ', '2023-03-02 15:11:17.111633'),
('cbnln8ffz7acppur84nclbqnazu7t35w', 'e30:1pNyKH:2YAbTC0i8Redz-YVomStg5MWu-DVvZWylINFmBruLcA', '2023-02-17 15:50:09.009645'),
('cd7dgmbjvlw8xg15nx92vl1mlbockjdu', 'e30:1pQFBH:xRKCCh-Hgk6xLueFolxTSpgLb0Mdd4BHF0AbP5t39xw', '2023-02-23 22:14:15.871349'),
('cdpnoz4qh766v3y238rg6m0ud8shkgqy', 'e30:1pDhMi:lx2S8mVuQKgVOw99LT67XYnwx87mIppfCUDQZDhe-pg', '2023-01-20 07:42:12.583032'),
('cdq9brdeydkhs44yyxa840eqt1fnd6bj', 'eyJ1aWQiOiIxIn0:1pQqCQ:2CmVy2QqPG-8pSfcZ8-QF7CbGQq2IECt24rt4J4eXMI', '2023-02-25 13:45:54.349662'),
('cepbfwcptcl12llfylad76yeuanovpp3', 'e30:1p1960:jwJeflzqKjg77nNVQfnWn6bPuusr8Z-6lBOkhISmxUw', '2022-12-16 16:41:04.082801'),
('cfptxda7b0eyf2x74m6bhu2qf40xhohq', 'e30:1pZm5p:Hj-0X6IZxwb829-ODiKz5-9as9036tKVYc0wtlfvyww', '2023-03-22 05:12:01.305747'),
('cgf7yqr5jpo7u60ynv8jflnr03qggofm', 'e30:1pPDpF:p_gWW1h8OpYYwEjI62nlqFTRnO9Hh5zoXmnwu93Yzg4', '2023-02-21 02:35:17.874105'),
('cgpc9dt814lunhfnl4ad3bypzkdc3vkj', 'YjMyODg0NWEwNzlmNmEwMmY5ZjBhMzNmNTk2NDk3NjFhY2E3ODYzMTp7Il9hdXRoX3VzZXJfaWQiOiIxIiwiX2F1dGhfdXNlcl9iYWNrZW5kIjoiZGphbmdvLmNvbnRyaWIuYXV0aC5iYWNrZW5kcy5Nb2RlbEJhY2tlbmQiLCJfYXV0aF91c2VyX2hhc2giOiJhYTQ3NzE2ZTM2MjE4ZGE2ZmUzYmI3MGE1YWQ4MmY5YWZmZDQ1NmY2In0=', '2022-11-25 10:57:11.364342'),
('chh8a85t1vl5dp59n87u2n0xfxy9d4v3', '.eJxVjDsOAiEUAO9CbQiPP5b2e4YN7wGyaiDZT2W8uyHZQtuZybzZHI-9zseW13lJ7MqAXX4ZRnrmNkR6xHbvnHrb1wX5SPhpNz71lF-3s_0b1LjVsfUxgLZRo0cnbUlIKEALi2AyYKFicnCojEQZgILAkIC0d1oVAuXZ5wvknDfI:1pBXs1:hM7LtBEZPDVsAM6VXyAtZkJnnCHtBKL69jVEc85IRX0', '2023-01-14 09:09:37.060240'),
('chsd0n1zn9zljc96fxam74hjdfhjaqyb', 'e30:1pWttd:X2X7nHz_RFJPbNtQEKTaqWNo8sD4KVO6d3ttzfJjzXA', '2023-03-14 06:55:33.199543'),
('ciuz8j7oltmt2q4pk7mj4ghde7l7p196', 'e30:1pcB6l:aKkDEyRUtlKl4FnMa1BsKF-7PAYIexCuAe1YJ9-JAOc', '2023-03-28 20:18:55.095191'),
('ciw92hx29zzq4fkgxr1ayksaza5iitqd', 'e30:1pawzt:Gy792Yw0bXN9lIcizRSKw68OMLW8cDX6GGx-9DfwXMo', '2023-03-25 11:02:45.493231'),
('clc9bta15y77ryg4e5omrnpi57v6lqhf', 'e30:1pTlMn:WpzfA9boGY_aFnIfnEwcxXERPRphr3acQkap-vPnV2k', '2023-03-05 15:12:41.547199'),
('cnl4zc7h9bl10v1jixnbb930jg4bp2nt', 'e30:1pKy9F:Uz4ZBjmKFjpTFZeF63YJy-IDaeSYhylP9v3zastJa1g', '2023-02-09 09:02:21.550575'),
('cnn0wmdc8k6fhoq28ihnf251dxdeao7b', 'e30:1pSzet:w2BBvfBC2q073X5c4A_lGSBWNbP_aCUyQrQHgX7L73c', '2023-03-03 12:16:11.804039'),
('cotm2kcoh162u1joigfglyrr8jdwso9u', 'e30:1pPeTr:oAsasUwYTMBYPWaS-M3mxERTifxa2a62nvRJbrrYaJk', '2023-02-22 07:02:59.984711'),
('cpbyonau4rjkckoah72ofv3imd72elsk', 'e30:1pYaGZ:T5gugHCe0a4bilCpCrRVxnm04QsF25OGle2M99hu9_8', '2023-03-18 22:22:11.963674'),
('cq3grx8b8jlmvk7y4v567gdroqndvv14', 'e30:1pU2rU:JqrK42S2f5DqoiUd3h3V4R2crQsnc-xpaEn49ISSAS0', '2023-03-06 09:53:32.159110'),
('crvya39ocuapoh81hgtmyq6yyoweuv2b', 'e30:1pTW8A:FaQFFaA94ts01SAPIwiZSHbIPDamvgMzHHDfob6Qb5I', '2023-03-04 22:56:34.897491'),
('cuk317acmiejbu43424if5pefuu9rlh3', 'e30:1pPI6w:0zQIryz3PjkwIzCxvw807TGdpf8zL_yJ909ZQiAuz0g', '2023-02-21 07:09:50.781656'),
('cumv4g5b19b0bvq9i593t7cbfui1i34l', 'e30:1pPxDs:8Ghb58LyADN_23QvKsR4OSRNBA6NYZqLbGEkQbw3niQ', '2023-02-23 03:03:44.819857'),
('cvi97m4b69csd7bf7bvojz4rjh56qyi4', 'e30:1pL3OG:ulhTQUZig1nOGgWUbBhvms0owF8HODHbfVCiOXqiU3w', '2023-02-09 14:38:12.811990'),
('cvqvrxyjzy2u1swr97mdbsd8gy8wjw2k', '.eJxVjDsOwyAQBe9CHSFYfiZlep8BLbAOTiKQjF1FuXtsyUXSvpl5bxZwW0vYOi1hzuzKJLv8bhHTk-oB8gPrvfHU6rrMkR8KP2nnY8v0up3u30HBXvYawEQyKVvth2QJDTgvhdZRymyFQ6mUFbuE6J3FSE7gJAbUExBAtop9vsW6Nyg:1ouT9c:_MPBHOuPz_pZjZhgthmGyMLKPY9wW6gdQhhK9xVMpmA', '2022-11-28 06:41:12.882537'),
('cwv2sr1c2n6v7skp736lujjztp38nfz8', 'e30:1pLUD4:64yOuyjxLyBJwwQqFJmzbeoG7jlNn4cQyBHdHcceyag', '2023-02-10 19:16:26.289688'),
('cx4zo1i1sj587vaz6y9ew7ituffasyy3', 'e30:1pZh7s:8ELLSFd0vwvCAqgAZ993rGosaqFzWJnv_RCQXPZcMl0', '2023-03-21 23:53:48.463565'),
('cxidokrknqzg89b8ry81sg96cbkoun9i', 'e30:1pUpMT:aCRczLuumnzaaO8AjhnyMKyPylWhEtc06WQp3cSkpkk', '2023-03-08 13:40:45.413157'),
('cyfwjk63gboe3eteqeo2ss4d5zauu0gp', 'e30:1pUl87:s35mqA1Xg1ZlrsMjBl4jQ0VEUg1OV1T06XXjFj9Delk', '2023-03-08 09:09:39.157596'),
('cz7m117yfi9updqoecglrkjgy23n2i8y', 'e30:1pRfHX:3TFttDYDAv06JtRlYN72Z5adBWtygYMrDEJQskdykJw', '2023-02-27 20:18:35.656477'),
('d1i82g1exzr37sok9h7fcmihqmivj3tk', 'e30:1pUYME:ipWZG4bxfT-rLKQUIW2l6OoF0SS3uW1_pqk4hHCahmk', '2023-03-07 19:31:22.918294'),
('d3urh8pqfnukqd5q1bki7z53bo57lfua', 'e30:1pROTv:sduYdAfyzjY-Y17_dlo2LDKQa4W5SQvfFH-54ywByyk', '2023-02-27 02:22:15.356077'),
('d5kig0ebt53x81sbd8lckzbgsdqqmja1', 'e30:1pXFF2:gPYN2FSlJ2CAlUXfZBCFkSXYbvZZ9xh4wlOwJA18b90', '2023-03-15 05:43:04.706751'),
('d6z1r3wymj1ypjxoary0um52g3kgxnkq', 'e30:1pMo8c:rIuqlxya-LuyahJ8i4vleFCfO9bmVxXSqsNAIxpa9fI', '2023-02-14 10:45:18.203059'),
('d9dudwcyroyejzfg0ydy5ean47qtzhln', 'e30:1pEFPE:jihx8skKXDGFOsKrgj3iUPS4bhJnLhBbSxLhJ-kr4bs', '2023-01-21 20:03:04.787189'),
('d9ywqrhdvaugcxcrv2ijcxp7bsp2y5a3', 'e30:1pTSKf:RFs_Zbc5dZoC5SDPh0ziJ0qD7TR6rruVx6mJC9EHOg4', '2023-03-04 18:53:13.300147'),
('da634ix59o0lrnu98ml4j4t0q9616ose', 'e30:1pRvqy:ocWqj6Tx3sofLAjVW9sVUicCL8isconUSRQ66oM-uzc', '2023-02-28 14:00:16.689590'),
('dam51ati4a63jq1thlkqhz30s9kapfjg', 'e30:1pRnjo:YUOygTRL1KR8NwbywapFIvOkL8TiSY_hOwQj9Y-mWpw', '2023-02-28 05:20:20.830561'),
('dbf5cc3wsm78f9pmged1u0979jkh5stn', 'e30:1pPxCZ:6V6A6du7WmtIfp-mvEuhQtThrxlm7ib2cdI2dlbeGBM', '2023-02-23 03:02:23.347231'),
('dfkfyq178sbt1ejaj50xb00gjp3i3tlu', 'e30:1pSzcn:w-ZK1mKd5995Zgs7aFNMZUcBCnFiMNr0hxiIYF-amoY', '2023-03-03 12:14:01.527613'),
('dgs3sdr3q092pvjkqbhe1t98cwmyisbp', 'e30:1pR5nc:rqOqchFXjqttfE8KtaWiIQ35bjXMpYIFx4W4brDwCAM', '2023-02-26 06:25:20.502595'),
('djvei529vj0e79vmugtojj4uvmd2g3fb', 'e30:1pSpnZ:qixv7hI9eL66wyF7iiVarEJIqY2qC6i3IWTPy0f01sc', '2023-03-03 01:44:29.777576'),
('dkou7egikxizk32qzjqrqixkzaunshzu', 'e30:1pXFFJ:MQMZPlTLSurFeBkE2UNoJF5DAHnZD1FVoDEUahhDpDc', '2023-03-15 05:43:21.963469'),
('dlq5nnmue3o2a1n79vvc7sksoce8xzm1', 'e30:1pQbXI:RTgMGVAuXzD7N1ThUszHihcO_Y8Sf9TWVSWMeXP9wFo', '2023-02-24 22:06:28.782139'),
('dmisnfta228pn8lz6uw2hfyek6uqyzv5', 'e30:1pY3jJ:WtK7XnPcKY6Gg6PgQR7TDPviSaAMzUqOZxTnpzY_NqE', '2023-03-17 11:37:41.081132'),
('dnhs2y2s71lli4rvgcoe4guijoo7ac2e', 'e30:1pU2rX:b1003et32EbW-8w4YiQvV5qOSYVub93WsO2RV10KQTE', '2023-03-06 09:53:35.280875'),
('dovrnvafgzs15xxu9elr0hyrknsxro5w', 'e30:1pLRa7:TM2jc6-oEhIHO4S3VbKq5nSwEa3DZSneqsSWj28YK-Q', '2023-02-10 16:28:03.872340'),
('drvy1fw0tyy7x6teiquep0n7vvgbdblq', 'e30:1pSYqA:4o2o8NSyi_6st69Vx5nQQrGcOBWlvzeAUBOYra_re18', '2023-03-02 07:38:02.918834'),
('dsmmyisq2gv7ea4rwuni1nvy22l8joag', 'e30:1pRHAt:bI5G-OHbtIKLrtnH00FxNdSAIL4OGehZ5yEtpxDCckM', '2023-02-26 18:34:07.265545'),
('du875tpi0669haipx9qhj6eu46hq3qlt', 'e30:1pZxb4:vVDb6W0Yn-HtqVDCXofCf_wuhSdAvHQQgspA4w28WEU', '2023-03-22 17:29:02.937689'),
('dyplfvkqhrpwgjc6ecidzyi85pb48wq4', 'e30:1pbohG:JPm8OZ0OH6RvpevH42kyCXejzNTja7-AK-uc24luLgs', '2023-03-27 20:23:06.258166'),
('dzo1xm0phu2kg53dpyn1nhfcm8n9unnr', 'e30:1pLelC:A_kk2fDt3N0WbV1WuwY7zcOzlKUiMYrtq69-jS_mzg8', '2023-02-11 06:32:22.717169'),
('e2rx0b33wcuq4xxmv467x50u39nj0fv7', 'e30:1pCMA9:ZuG9bNXKsL9oUlTdc-qreulOvWClo9yFoSqoWUXW2zY', '2023-01-16 14:51:41.535234'),
('e3m1ttg1v40rdpwzts0wy22t0ldco19l', 'e30:1pZqvx:UQTX7gJ-T97yxr-BSE6NCNUE9OwmKcyrqD00mWR4cM0', '2023-03-22 10:22:09.634843'),
('e3mfdefg5c8s4pyjzu7580cjcip9cbj8', 'e30:1pOZ9K:HYJUfKhJAGxpTPeAopVUByrgOitNlFphlQmmB4cktFs', '2023-02-19 07:09:18.557823'),
('e4oz52863gmmmoika4dp33euwrp06wx2', 'e30:1pPqBi:8nHiAYHjeNmxb6rQ9Hqf4M9-qPUf05gOpsNgm4GlOzI', '2023-02-22 19:33:02.591053'),
('e56v5kos4vm5gq7yjspddlq8c9sudyoo', 'e30:1pUrR7:KJJhsWF62SNatxjF_nuuAWDZKgu4gswWZVpVFBsA7SM', '2023-03-08 15:53:41.913326'),
('e7wzdqq6kre5ssos9uy9buvcniwwp7ty', 'e30:1pWPoQ:cFvaCJUiSAKkSIRc7QDgEYKkyfCnpjGA3sDaV6BGDRI', '2023-03-12 22:48:10.079032'),
('eagmp527wq7x0f0wjqbl6x7bi7ouav0y', 'e30:1paVyZ:3M98ymr-5Q2CqmXR7abbiaUBUpxkn8jYlHWkwmE967E', '2023-03-24 06:11:35.497932'),
('eay4bdn3sylea75xcmcq6ijlhb2yagzt', 'e30:1pOydT:Zv_5FncrGoF5Xey3nbEm4nXm4z6KeyYzZkLsxV8is0I', '2023-02-20 10:22:07.249837'),
('eb6rxx7mu7vn1rtr3b2fga96xln9ixpr', 'e30:1pcuJR:KmLeWf8zIHfBqNY7Us5yt7PXCBz1hF4_hQS4mPuwq8U', '2023-03-30 20:35:01.003666'),
('edl5wc4p042nvqf4bx4gdbquxwe8q5z6', 'e30:1pTCnF:aUBphgWMJ85XumalQjkFxCg_B88O6B54l-UrndmbzSI', '2023-03-04 02:17:41.019607'),
('eduhyb5or25hnpacoqnf6fr579z7g5iz', 'e30:1pUaoz:kIwArWC-RODAVI0HdbVkfMmZfgvYhS5vbexPYE9TDhs', '2023-03-07 22:09:13.063932'),
('ef8qcpuxir53g73o76c0cr3o74ltczzn', 'e30:1pZLJG:KWGpmNNGm4DGjEzMdCYl5chC5pevYZxCMS8HFmoH4o4', '2023-03-21 00:36:06.421391'),
('egri2g8hevihdw8c5xrpnq0fdhvxw3t3', 'e30:1pWxOf:I7H8CJaKoOxPyFWnz4nyK9b9NOeDUHMjMyd2fV--jVo', '2023-03-14 10:39:49.658117'),
('eirg02bh383e58a32yv91wge48psze8s', 'e30:1pXcQH:_sIL-faSLUFBixMPjBSFjtYoRkc3LwOYVi84sF7sOjc', '2023-03-16 06:28:13.334557'),
('ejmzkmv5kiwvluyowctb9micp6ffngct', 'e30:1pR9c7:SkJkLU88AyQYjsxefs77FUh78J8N3Z9AkXr8qTgx_mU', '2023-02-26 10:29:43.484377');
INSERT INTO `django_session` (`session_key`, `session_data`, `expire_date`) VALUES
('ell01g9b32tvsvardqrh141nmycg7d70', 'e30:1pbPAz:mdMkBBZl8cSKM99Cz8pYTcq9CBWpdl2e8117rxxvXh4', '2023-03-26 17:08:05.456335'),
('elscpa4ziglure5iogmi6gum4x0mrlxl', 'e30:1pSmK3:8CK48CFLe0SamZmYEu8FJwZ3RbAt2kilmbSaO61M-BQ', '2023-03-02 22:01:47.385223'),
('epwpaar38fgp7t8pxghxulk8z616vigt', 'e30:1pW1lR:nanFtUBU3Vv-vfMqIeLnH3-7o23TXtQ1HUPk98g00QY', '2023-03-11 21:07:29.434975'),
('ercy7zw6ckhab0vb6bx5qvedhhwerujj', 'e30:1pGaEw:xhUkDylcGgypZ8Z3RNx_41iXybGmB1DqqjdEUIt5JvI', '2023-01-28 06:42:06.874119'),
('err40azn5onf1pvou9gqsays3imrwyrr', 'e30:1pCSCQ:8RnFZXVGmEogJaafsnixtFYKPQO3u6v8QVe6CM9agtw', '2023-01-16 21:18:26.813212'),
('esfsibl1x9crvrniprb0pf91frokf96d', 'e30:1oynNc:LEOYslAB8i5dkCaOQQODRAL3Wnp3-b-dTTNjjBfAygk', '2022-12-10 05:05:32.578285'),
('eu32al6ydhm3q6otwqar2ayz2fkdm0uv', 'e30:1pWv2B:m0j_7zuf2ePVlEpUU8uAyDslIjbe0G4Vrdr-_nqMZD0', '2023-03-14 08:08:27.029723'),
('evem4rryber6rx60maqxcwobtqx8bvp8', 'e30:1pSDXq:TUM07OHQBhHtkMVpQPTdESMl9_fZCi-UIA4jYJSKQtE', '2023-03-01 08:53:42.688635'),
('evz3bi5d4hspry5ctr7qykgsa7ryy5kv', 'e30:1pWLTi:JyyBhmBwZrAwJyEVzvAYDpuVHU417f16IQxDewLKnMw', '2023-03-12 18:10:30.548039'),
('expzkxvskyeyuhgo7wx9klw0kasidyjq', 'e30:1pY0tN:Z1cqvMH9WwjVmOzmDJq30to4MS1tFEDWK5FJWEPIRqQ', '2023-03-17 08:35:53.220343'),
('ey9attr0tgsnmp9x04k9n4mdaihv7eku', 'e30:1p55dT:xrzpKiepjM5V_MycLalzSrAaD3k81YbfnZTi510sBv4', '2022-12-27 13:47:55.552133'),
('f1xv0h28o0qlx6kz9wausdym9jbn406c', 'e30:1pBjLZ:j3YgF7t4h-QC54OzUY8sxL_QvHXLZqjRLltvgA6lRZY', '2023-01-14 21:24:53.134896'),
('f8fg7pag5q2q6xcp5aw5ie28n5mcuy5a', 'e30:1pa0xA:Awh5n2PjNjvh0eimC-yc4vAaefxdzX2romljTYDhwFY', '2023-03-22 21:04:04.942743'),
('f925h2zuuksetxjwv9g4bkmumzerowp4', 'e30:1pMScq:Zg_F7PZ2vAA6LH5kU8b0BdinbaGsASPl2e_Zt0vPP1M', '2023-02-13 11:47:04.012848'),
('f9ko5707hki0cphp9yfgahs35cdk0npe', 'e30:1pE7BC:WbSfNka2fRKWRnFbGDgxcIuhmZPruYL1hW1Sqzl8gJQ', '2023-01-21 11:16:02.259763'),
('faq7htw00elsrccfzhx5qqszdwpby8hq', 'e30:1pO6Wp:E0rQwb2JZQIMkHD8xBJMoJnyxD0pq0n-bvxD2ZEV5TU', '2023-02-18 00:35:39.614546'),
('fb06g7yhdlfbwsl5qaxdru069hjpohl4', 'e30:1pRLdv:cTuisX-q1Cegp1ZHB8bCwaZKXenT_MDn5oHjDHXAX6c', '2023-02-26 23:20:23.256986'),
('fbv24d9vr6unyoqmsewx01aqihk76ite', 'e30:1pP61Z:7eP7PyGJRky3XcQqfLgsOinIH0vY7CA9VQ68F1O7xiE', '2023-02-20 18:15:29.308748'),
('fetk3l5bkuhv82yjevw99kdbn1dz9ogt', '.eJxVjDkOwjAUBe_iGlleI5uSnjNEfzMOIFvKUiHuDpFSQPtm5r3UCNtax22ReZxYnZVXp98NgR7SdsB3aLeuqbd1nlDvij7ooq-d5Xk53L-DCkv91skEG7wESb5IZiAHJlC0Dofsh-wSExeTAxQqEk2yaAgRM8WSiyFW7w_oajjA:1pQTJJ:0uDMsrZXx1nnaCZ0ZBbZNUgyq3zphGBzedZwy1Ff3bA', '2023-02-24 13:19:29.026582'),
('ff6b1dzdkf4w98401zqgorhxg2soi3kx', 'e30:1pTfqy:R7bOnsZTIiH3tI1psBatwpY-hlNxS7wmAoxpIq_mpPY', '2023-03-05 09:19:28.609218'),
('ffv5l7l52vn3q8ijb3976raannxxjjzf', 'e30:1pSRfu:_3MHBzc-0w1RcUYpCOVAwYi9tPFYeOS_UG-Q32C41CA', '2023-03-01 23:58:58.674885'),
('fkvoljz92d72qth41noy0cx2bszj0jxq', 'e30:1pUgv1:1dXVZHxbp2wfi-pfB2LxyaZ8Y6qfCpD5hNbUxUEcJmQ', '2023-03-08 04:39:51.065387'),
('fma3lm4yyip8sweygmw967zq51wktcm5', 'e30:1pQiAu:Pt3qJRrBbyP46vQihEXB61j5gha-X7IxamLKcfPKOYU', '2023-02-25 05:11:48.672492'),
('fojfuznfkxp6l0fwql78xpfij2kwgpr9', 'e30:1pS1Bp:ZvwIGLHZEqpxD9QnMbPhHIlgSvEMdsjxqDW-sJBUvBw', '2023-02-28 19:42:09.712542'),
('ftx4d30izjl8k6s316jfhpvw63qc8doe', 'e30:1pQDHd:aF-RXJhDzRiGifz7tG-uMHNdzwbIUA_wu0bnfCmbT4Y', '2023-02-23 20:12:41.108965'),
('fv0lf1p97ig7aiv8j2cxr62kp1cfnwr6', 'e30:1pSHce:IG7QISBj4iThIi5jQQV0CFYdF0HVxZeakjVxw6O5Oig', '2023-03-01 13:14:56.340148'),
('fvif2os7g68ectn0l5t6ukyfpc4unhyy', 'e30:1pA53n:72NMoQAHC-F2Tp2RmoO18AZhulKO0S6BwnU0bbGQ_N8', '2023-01-10 08:11:43.707100'),
('fwtz2jerudcamk9zucofj10y4i8g3ejx', 'e30:1pc0iH:8AxWyqWvLNxKVUtO0l0tqEwksAWQjDfE9Xz7eR9JN4M', '2023-03-28 09:12:57.245272'),
('fx2j6hbc59v69mpmv5e83dkf3qmix8ks', 'e30:1oyz0D:mi1MrkuZKDZSjvPPp0rUHNXamklAkB_4EoQLZSK9K4A', '2022-12-10 17:30:09.367001'),
('fykjg0d8knlba6zsjm3o2lw55j4i3k9t', 'e30:1pVVkp:aQA9bEvbIOFtX_Gsp7GtbyRlrFN5GgO8PfPFwBDrvw4', '2023-03-10 10:56:43.100074'),
('fyphcxilb7qnidr8cm4wbmf49g73v1ec', 'e30:1pS4cB:YZvCja5VVII6MuUxiXHb-rLbTwHKv9G8yAUbUpkJ3co', '2023-02-28 23:21:35.370604'),
('g0lfuuq9bj29s1asp1waj0ypr42fpuia', 'e30:1paDJl:vcbakmakADxPIFbDSF4wjqNh7cFKRQzJDIibmptfZHY', '2023-03-23 10:16:13.536646'),
('g1f1uqls85zxd6yh8myotifk8thoh2w2', 'e30:1pVCoq:faIUQ3xyeOo7TPeQ8NFkULqv6ErCk_zHuLKvVoSVAng', '2023-03-09 14:43:36.905971'),
('g3j0k342373n0wvx9iwpxxv6aoheca1d', 'e30:1pVF52:Jv9DOHKCsRLzBDg2lHwULjlP_VpI8KMc7t2cYbm2eSs', '2023-03-09 17:08:28.319418'),
('g3lwlei9s0i5h4vercmzlfg248sb54f6', 'e30:1pWQyh:tMeDFGaKc1a8-my808o8H_3OMaL1xYhT2k8KKnREHEQ', '2023-03-13 00:02:51.587521'),
('g47g3ztd05kj2bdyvnb4t7tx1tbvo34t', 'e30:1pQr3x:k5M8I3XmgmkK0a4IhbtT5_dmn_VAs7P-jR2uM22fFSs', '2023-02-25 14:41:13.389900'),
('g5o81tfvbhpq8u1ld6wfsgozzeyn4mnk', 'e30:1pPCaD:qHkIk7EQjhJQMl5QxhtkAt8TuWAOxGz15V_F46lAmgs', '2023-02-21 01:15:41.871266'),
('g7fot91ezrohfccr1ge2g4ak27fkfbde', 'e30:1pZVH9:W8Woh16tQu_5c6tQG-MOWxNVTE8gFz8lYTArOdgU7sU', '2023-03-21 11:14:35.559122'),
('g7rcelqfs0uzj9ldsd8xq0to5c8uttdl', 'e30:1pbZYT:iZH1hU7DUhKUBT6uyhgCRfLl3lckzpoTySEOWK1BmyQ', '2023-03-27 04:13:01.343178'),
('gbv5zixs7phtniibja0bzx8tlgqxwyn8', 'e30:1pW2HH:nmt1DtMG2SiVaYYM3vc-nehDX5we77XrSJBHH6rHouo', '2023-03-11 21:40:23.247605'),
('gdt2167cv78bjpskc5sily6wfm708uw6', 'e30:1pWJBW:NOnTyZoV1yXoBioFRtydN-_cDLqwdF0NVzML6VNqmxo', '2023-03-12 15:43:34.022577'),
('gf9xpo9gcdc0m4200wt7nelmvr5q0nce', 'e30:1pRjnH:U4qknZ7_pb2AbZALyo4HAiBN7uXzBb8zvWBYq_sAlKU', '2023-02-28 01:07:39.228236'),
('gh3qdnk0c7yyjzon4cin6vhubyd6hcge', 'e30:1pH1E7:L1filIbeNqBAmt5w5fPXTM4gxgbFbnkQ2rjBm4Yal-4', '2023-01-29 11:31:03.692478'),
('ghqyj7zko6cevvqgnbam3ofmmn1hqdeo', 'e30:1p1d5j:nizcIEbuGEBBRQfHL1S-79npPk4yq5E-LpXRq02iQKQ', '2022-12-18 00:42:47.415156'),
('gi9erxnql2m465vi2ekkam9mk2dpzc2r', 'e30:1pXGX1:t50aDNDSq0XwD-C8OwpW_jTiR1yjt2wPwNEU4XWoXU8', '2023-03-15 07:05:43.445788'),
('gj8c4xx00d1aw3zqvxzbjz633pgifcun', 'e30:1pN3uW:IrbB38Zi9UOcupHU2lsqPOQ5tjiJGRDBY9XjAC0QsHg', '2023-02-15 03:35:48.440210'),
('glanuqttq49nojd353tpeugucryp970i', 'e30:1pRFAP:NMFq955ww9jtOjm1aW4XvSwIkaAYqCaAXk-L0bRNsq4', '2023-02-26 16:25:29.828382'),
('gm5mjdv6ljpivrzj5sbmmgzdixjqwhxn', 'e30:1pSmJY:akNqOKqyRiC-bZRTPprGhXz43cXZGglOvyV-XFKEJtg', '2023-03-02 22:01:16.556343'),
('gojw5sny7e4mcr31v4wn51iaamzaxdlc', 'e30:1pCM9Z:mCQcoBkwFlVEpHMRFjlwoTnq98nJk2EyAFmrHkuG8wE', '2023-01-16 14:51:05.798001'),
('gsrln94g5djqimouu3si15pzfs9jlptu', 'e30:1pR88J:qfrkNjvmSqtRpfQPx7BIyKTfvIWjHk7rlOf1Xgs4jo8', '2023-02-26 08:54:51.914833'),
('gvy6qex6v89or8g4jwelva7ulyzu5dbt', 'e30:1pR66o:C8q2LiVexQRlDPSvcXo1U1a_5hapOHiWUDSyTiZe2K8', '2023-02-26 06:45:10.286448'),
('gya4shutbd3neuwz7s2tyffkm37qba5i', 'e30:1pQ4fv:ZI__rKmqCwt7U-vXjGpI0hamJqNAW-DY4WV1wjMGM9g', '2023-02-23 11:01:11.486434'),
('h065mvx7h58s0ie3rkj4rjpyg291mncf', 'eyJ1aWQiOiIxIn0:1pQsj0:Msbx7FHQhw-b3Bq-QSbOqU5U22j_yaITpedbxtnf_ME', '2023-02-25 16:27:42.260376'),
('h2z7cmqvi787cq1sjoecjzk5ku8se199', 'e30:1ow28C:L938jhlGTt_E57LALT9KRtRQyz8IwLVH040UhcBL8b8', '2022-12-02 14:14:12.529044'),
('h3kom21s8zcx9xi1v7ed4aodhx36cdaf', 'e30:1pRmur:BKylTwggxwNqa4srxSbUAdw1kMwtMj5EHEAZ3cvN-K0', '2023-02-28 04:27:41.721294'),
('h41ie2oxyvdt982bx3hbd1omh9thznnq', 'e30:1pUgAe:lItpWlncM2QFsOfC85YoQtxtbswiNhITsmlS5j91xqs', '2023-03-08 03:51:56.385564'),
('h4lg4156i42yepp11fc3ig5qpkaez6fe', 'e30:1pBPyq:OFZZ4EVVfU6zfLmHtSjXx08mXdCLBk0aLohraQtzfuc', '2023-01-14 00:44:08.185984'),
('h562i4pdx1rvmhtawfbsoo7n1a6ugsqx', 'e30:1pKhkx:QBAhEtkAVFf7NkHMRKfpMfwsecZSGx7af6E6G6Ax-uM', '2023-02-08 15:32:11.006433'),
('h9iiq80j6tcanvgnn5i2vfuh6s6oozki', 'e30:1pMq1P:alkZlHBU_v6265qbsqqgQKiCwzHVgl8DNsXxy_PzyP0', '2023-02-14 12:45:59.227267'),
('hbbrv7rohu3rh3la53500v0hweurd2ki', 'e30:1pRzRu:oO5PX3_-sMYm_CuJWvqUhIjIyr6jL9m8U8L39JZ-PpM', '2023-02-28 17:50:38.651465'),
('hc1i2ezzn46lxt8n4mvj0elwoklordp0', 'e30:1pS9YO:JYRjXRcD4WU-GGSYCH8v_iIbbsbLs4GNlGkikBNQR0U', '2023-03-01 04:38:00.564515'),
('hcef0rqw7eh8bksjcnsoshbudmg7bknc', 'e30:1pCwhw:v9g6CmWRIsLX4TxbQw_9uENt0C4liqB4syKG7gG1TPs', '2023-01-18 05:53:00.666921'),
('hcxxusf5qcuzn91ty6i96av3zy1z0xa5', 'e30:1pRMad:7GBldBQGLebhMxTucpkaGcD0goWiNFrh8e3imUmpxeY', '2023-02-27 00:21:03.746633'),
('hd2dfhf5km3mlgt4f1xokxxh6qs56m8w', 'e30:1pX0Ww:UC_LbJVgRWW6u2fOex4NEVAg-aZOZXt8NK-mIzWyEeg', '2023-03-14 14:00:34.069502'),
('hde4dbw476323s6350op8zw3osofli53', 'e30:1pOBtd:WCPRwtf4aPUfOITGofKVBEwA6NyolvmBzOKX-mOmeO0', '2023-02-18 06:19:33.244910'),
('heh77d8smq6imj2m2g3zmyreofgpmdnt', 'e30:1pRwH6:tZj-8v1agpF30rlru36xDlZnbocHnn1d-GZ4jm4c3Pc', '2023-02-28 14:27:16.529629'),
('hep70pn5g80skfuqlx8862wcyc9jva1c', 'e30:1pRsnS:NZuzJC17GDVlbtThRi8Z-xyKxOKRH09f063Air0xVbI', '2023-02-28 10:44:26.548383'),
('hm3kvt86gqe0g37wi2ohp1q3lp5z1uxu', 'e30:1pRNGS:mLzItGTDz4EBTBEhjVCCPpUutxFdyZyVtDcbDm5Mef0', '2023-02-27 01:04:16.322219'),
('hmu88088ew10zx9l2shjjs0pbjxpbqsv', 'e30:1pUZ8F:cWFHcMxMyz0pZQtLtFoSPgfyGNl2ATwbeuYzZwARVBg', '2023-03-07 20:20:59.783059'),
('hn9eqtqwplwhuxyvgm580d26yz35iwfb', 'e30:1pS135:FK6yD7k0I4wof7uPkQ9VBRykjTPaMm1dV4XEcqXJHqI', '2023-02-28 19:33:07.068422'),
('hoc4koir38c9101bimibt0gfqv6jlmue', 'e30:1pbbyS:Xjnr6uqiqWvQ6urLUC2tOzCevlt72di4L9ZvL1yyRkA', '2023-03-27 06:48:00.766083'),
('hs5vweq7j5xjng8pl2ydzixk7c8358d6', 'e30:1pQ4jZ:U4fh25_TEUTStniR4jQ_QDEj3Us7TGhUNXs3UYK5RJ4', '2023-02-23 11:04:57.387240'),
('hv4e05cx1hxxtleoe696b8h38qq5luyn', 'e30:1pU2rY:nuPsfROuh0J1gOeZwqA15XOuPhZxq2fEhF3eU0RrNqY', '2023-03-06 09:53:36.348359'),
('hyoaaz5ebjbtayq4e443yasq73n76vst', 'e30:1pRAy3:vsZoaTsiKK1RX_WmuIAaX8y-0Yq1oOqfnNNhEB8IP3g', '2023-02-26 11:56:27.530553'),
('i0tzen78odzovy895x44ugv292edocw4', 'e30:1ow7YR:QucWWS5Fhk59BEqcI-SULsLjhBhhLtNrbtFxwvme3ow', '2022-12-02 20:01:39.808207'),
('i1yde894cw17z54wcg20ju9ls9ur9hd4', 'e30:1pSJYz:7sF0VPNhU3IR4CHyHYUVuumWG36TmqYHzxa_nmWho08', '2023-03-01 15:19:17.562867'),
('i2cpl36j3f2yreip4zo63xshf3md78m5', 'e30:1pQprO:K9ZFsP8wFfLT0S6Rz2K-PnNAHX735JMPk5HLwJ9ICqo', '2023-02-25 13:24:10.313130'),
('i385ed6wopnun6ztau9jirifulax0vfb', 'e30:1pW0EU:NdnFJZAfI9uloLlDDJjM9Hcj6JMEWuqpe8n5nd5IY0I', '2023-03-11 19:29:22.684370'),
('i6yiepyhppkhb3lvslcn14v5wxx2eck9', 'e30:1pcHT6:TLz97vKlqwbCJmIgF5Yi92QXV7zbXx8kMHR16CfTI3A', '2023-03-29 03:06:24.201628'),
('i9f5o3nkqvrzxp0fq7pr9dlcnem70dfy', 'e30:1pGfgf:tFvZG6sENar8SWr9G9Nw7hlW2uDOG_zj2F6V1JIz2Uk', '2023-01-28 12:31:05.226902'),
('ibipzl9xmgfxy0wmtf0sbro398nhv99l', 'e30:1pXHGE:GaskbketA2OP5hPo0a8vjDHcDStun_CBvoZi1tE5ekw', '2023-03-15 07:52:26.401335'),
('ic876h1z1szey1fx02uuhrqoxhbznke0', 'e30:1pUbhf:wecD1kZ0IRWC2Et4pRUyh2Wrnsh1ECo6h3ARDoOmJeo', '2023-03-07 23:05:43.923096'),
('ie2d0wkel1qrg62wd8o9vpy695wtp7no', '.eJxVjDsOAiEUAO9CbQiPP5b2e4YN7wGyaiDZT2W8uyHZQtuZybzZHI-9zseW13lJ7MqAXX4ZRnrmNkR6xHbvnHrb1wX5SPhpNz71lF-3s_0b1LjVsfUxgLZRo0cnbUlIKEALi2AyYKFicnCojEQZgILAkIC0d1oVAuXZ5wvknDfI:1pBJAV:rKqpcdbHkKXE4nXU-l_ourrhQnQl8eu1EigT_rnrf54', '2023-01-13 17:27:43.291332'),
('ifataxshkqrr2s4q1usdrw2xw07m2fq6', 'e30:1pRRHT:qTWLQrWO30Nx9TosTYk9Ht1YCqLcrtKaQUWtN54CIR8', '2023-02-27 05:21:35.318446'),
('ih8ae9rdjojar2da2etxg3qdunw23hkw', 'e30:1pTr9k:B48ZwHSiWBIkDrCEDLHx4pf2jqnOeyMOey_3Elp04qA', '2023-03-05 21:23:36.215761'),
('ihloi92yrkpfoj0xasqu0cqbroyjkwsi', 'e30:1pCWBZ:RPDI2d0zfqBL-rpTRpbbKEQjT1EQghTQnIDC62O-3-E', '2023-01-17 01:33:49.925126'),
('imzi31648n6rhplupnys8isnuwvqpa5b', 'e30:1pNI1P:JVzgOl1w2DXxbqtEJ3pI4pIip4wNs5-dPvHT3WF4Mao', '2023-02-15 18:39:51.991496'),
('in31xkkk9gziq07jupkp4rk9qz9so715', 'e30:1p1960:jwJeflzqKjg77nNVQfnWn6bPuusr8Z-6lBOkhISmxUw', '2022-12-16 16:41:04.085295'),
('ioq21farcdwhpk44u6k41ucwkwwp2ka9', 'e30:1pRkqR:SNB1_4GF013bwugplyk0mCq64HpziLCfndF8NhIWlOM', '2023-02-28 02:14:59.176795'),
('ioqpw68qrg7tfo2m3ykfx6em4vixt0bh', 'e30:1paxMu:6-ifx6bbwhgi5P-Nj_FfF6c8Zjjl87vlzoB7Uc8LR8c', '2023-03-25 11:26:32.304655'),
('ip7h3b21n6yb7ge1t06lzt1hc3ih7ew3', 'e30:1pKc6o:lQ9qkm4YefSZ5T4PhNV-jJmWRxVsO3YOJ3ZOrNrhOoI', '2023-02-08 09:30:22.346597'),
('iqbc2c6g6yki6m7vvfmtzabs7nfnnxx4', 'e30:1pUdJy:JYF54X5G0EV0VBiQrqQ92MsQtv1pti1iWVuLpmYQUhc', '2023-03-08 00:49:22.832533'),
('irtux1fjww3qf5lbxij2qe7g4nqn2z2h', 'e30:1pT4K4:ckVs9htZZI8GiYWLfd9LR7UrygX-rDo8yZqhELwvZFE', '2023-03-03 17:15:00.204537'),
('iwvisa7bfcu2hg3iv8a869oip6ff4wb6', 'e30:1pRVEn:0ppRuJIkD69oSDxnZlaC5LsToxJTZU4C6PE6QoRAynQ', '2023-02-27 09:35:05.787283'),
('ixrtv0kn2tzsaqd5zuxjw0ov5wl0jyw2', 'e30:1pRPSS:uqsbyAAPtVniY5sFZVjzuDgYGtsJZvbLvFjDbak097U', '2023-02-27 03:24:48.787014'),
('iy7pt1fnymn2kbapnhcrhhtilxbhcwb6', 'e30:1pRbII:bUoT4OIWahh-GilKd8j-8PEscG8OGFmtXFzhZScVYFk', '2023-02-27 16:03:06.625454'),
('izp20h9er0ub83tak5kv9ili9w52tri1', 'e30:1oyypJ:RrnhTIq-7tSXpsM8Zxa8XxtFRcL3eFoHngZldlSURJ0', '2022-12-10 17:18:53.941209'),
('izrr84zalqiijvndgyz1vwegp8id1549', 'e30:1pa0wn:T1QlWOlkTILdra-pHEqLb35m5kDi1vz2xb0VK29a564', '2023-03-22 21:03:41.085655'),
('j1gzgpu484wkjcrs30zl6zd81xu0mra3', 'e30:1pCI30:y7VB_Zpv7eLExv4l3-cFV2bJKhpsj0SeCejtuOrnGfM', '2023-01-16 10:28:02.698849'),
('j3sdnxyhk7e9icpumr07shtj7z6qerzh', 'e30:1pDULm:OcDuG1gpEh6SlfPiiHdhSWIAyMIq9MVixKwLttBuMVs', '2023-01-19 17:48:22.963445'),
('j4jgt60pt2zgoac9ebit14tct6n0wn54', 'eyJ1aWQiOiIxIn0:1pQoJC:Ommom6ayKeE9xJkcVE-Zl2mR8jB5JjTHcwubWQkxp9g', '2023-02-25 11:44:46.582243'),
('j5218nys2cggjkyi46m8yil24dwf7adh', 'e30:1otwM4:lh9k6UBpDlPfNaVTZ67SPDTH2s_mymNW-KJJ-Flb87w', '2022-11-26 19:39:52.537537'),
('j5438xowoqkg0y1uuigd4bu86exn04w7', 'e30:1pRJ2x:cL6TonKTe4Bkk90P1ayVYrUPJ_mIraMACL6JWmq4reE', '2023-02-26 20:34:03.308525'),
('j5ccf99bp5v6j7ndbf8oojqi3o1b24ht', 'e30:1pSNg6:bKNuB2-xmjRtWkWNeSiSol9H4iZFZws_zRRgr_aYZjY', '2023-03-01 19:42:54.107375'),
('j6ayqcduyj1xjpoxpzhb6wohgq01jbcq', 'e30:1pUZxJ:fF1QvERtS9wlvhzGFuLBud0FaLTIMWw7mHq73_pxq7Y', '2023-03-07 21:13:45.195663'),
('j6n0cjnxtc7i3votsgsbmtqtxiycnarw', 'e30:1pSk31:2jf-zD7e0UjUAGe9b2xVlKgqcCjwLjHDQ-p4dI9dmCk', '2023-03-02 19:36:03.664601'),
('j73txwabt46mob4q6z3ivm235vt69yn2', 'e30:1pPQId:KpcxibgraM9v-HV7rDbaugXwLVUpiAuNyizGzFtdZkc', '2023-02-21 15:54:27.251983'),
('j9i9md3lsii87vi2tv9mkx9fmabr82x4', 'e30:1p2bNC:NfYcPshGMZG7ADfnZGB4GL7AUj0l7aCam-lPE9GCJiU', '2022-12-20 17:04:50.054319'),
('jb1b80oz8b77lvltuxs7l0d7hcqoo2xe', '.eJxVjDsOwyAQBe9CHSFYfiZlep8BLbAOTiKQjF1FuXtsyUXSvpl5bxZwW0vYOi1hzuzKJLv8bhHTk-oB8gPrvfHU6rrMkR8KP2nnY8v0up3u30HBXvYawEQyKVvth2QJDTgvhdZRymyFQ6mUFbuE6J3FSE7gJAbUExBAtop9vsW6Nyg:1p7XUN:ZOOjp6hUUhPuAjtfjUzeDJGurrzsFdqBrQgnbaRdUY8', '2023-01-03 07:56:39.876073'),
('jdv550g214owl4xhhn26e3b4p7t1hy8y', 'e30:1pQuTk:qoNV8pd_aeedxycJklrtc2NO3EvkswnNOaES47hX8CI', '2023-02-25 18:20:04.987615'),
('jdwmuagi9hyl8tvmj47ku1puoqg2u8lj', 'e30:1pQyFu:ce5GlQ1-TgRKS3rsi6zrHAf4xMJ8_DmyRbcvwdDgyoo', '2023-02-25 22:22:02.027001'),
('jee6s71iyxnwhyqh06l9ko3yfyt0mnix', 'e30:1pcuJP:gjgFmfs0L7gXFOa0693SFOLbqfUUJoPBSMz8oT6nOOw', '2023-03-30 20:34:59.596297'),
('jerome5lt6j2u757tgy33hj1irrzkzvp', 'e30:1pU2rP:rP4grn5UmK03xTQMQ-S3lP9RQAjPh5w_B02cSufXBNs', '2023-03-06 09:53:27.041951'),
('jevx52ks5cajpc30h02e0et6g2omxnnp', 'e30:1oz0Sl:vPfWADyy7caiKOIZnLHeYL2cByBSSztDm0LzbQvCaeo', '2022-12-10 19:03:43.005767'),
('jg748jle11t8eey341m68x5mngfici4j', 'e30:1pU2rS:JXcp7iBnCaMP2cD-kBmmawV3F8PzeIpgnO5-TmKULlk', '2023-03-06 09:53:30.166260'),
('jhd8ralu7bt5dd6t6nizht6mti3goslv', 'e30:1pSYpE:j5myAgqWnAO79pIh4HE59_BzdO8EQbT8ozV2h6o-t4c', '2023-03-02 07:37:04.004857'),
('jjg7ibcwojrr9pl419c4o54gjc6he2b3', 'e30:1pROSB:w_EcJ8kNhftKfptKASSNgfMf_W0A1FKUWgEqXfS-EQ4', '2023-02-27 02:20:27.895336'),
('jjw8ynvyp2wdkuv8h1adyvsdqq1vzamg', 'e30:1pPR7x:4BPjqoGsKbCVwYN-rOkAJqFmgyXipL0YE_3QEbz_ceY', '2023-02-21 16:47:29.763125'),
('jr9mklbglahk96zhjcnsb8f6eesznpbb', 'e30:1pRAlO:D53a38C4x_rAOJuzXAokpVnvvrfgBKd_hRGoZ_nsBF8', '2023-02-26 11:43:22.256678'),
('jt7bjhv4uafhgt3og5km0r1kennolydz', 'e30:1pRv0k:jMY6RgMlZiVJ4v5KYp30W-UcBjblr_OaTNKwvoc4TVs', '2023-02-28 13:06:18.568832'),
('jtnsbe6w15lap2v08zcwjw22d61o8cfx', 'e30:1pZuxM:ZGPSGRKE7z1_unkaIFSaRQGM3l8Eol5Ot1ZcxyUAsYY', '2023-03-22 14:39:52.285818'),
('jtzc51iqj7rk8rjsdxdcamxvyjyvazd6', 'e30:1pFXV0:zuLme6FrEWHqid7U2L2VdFtdyzvaNrLc_evR0Cwhwfs', '2023-01-25 09:34:22.469229'),
('ju7yyc5q1icg45afrbnl17g8ohfzw2e5', 'e30:1pSALr:PJp-3byzQeYwG91A94GzpEnNaNQYLcaUJcsP6rz_D-c', '2023-03-01 05:29:07.918942'),
('jv587r9eqrpwueawafddmyzdbivieqxy', 'e30:1pRtwu:IrL0XSf2O9q2P708mLU0vgCwtKKhUpsACoCTeBx2qpU', '2023-02-28 11:58:16.463002'),
('jvqdp64uap0w5wxq7xjsd2ut7a6gk1e3', 'e30:1pT0ac:vXUU8s95fGeHM5hhjJMuTc86Xx98pXu5oPj9BollA7I', '2023-03-03 13:15:50.621835'),
('jw4w8u4iaphxw3jc7eh1nkyczi5wiz7o', 'e30:1pcFUc:98BbCCgEMfqr1FBXQABIqPWEE1qme-MZpbhAfzhmch8', '2023-03-29 00:59:50.301013'),
('jy1yu09fcu9yibokz6agksvi0s1tbwou', 'e30:1pZQTE:CUGXTuQGK8wUadXZQCPzRUZWhdd_45I2iwjM9mq5WqA', '2023-03-21 06:06:44.351111'),
('jyhn8vi2a4bzztcbdy3xedx9v1fql3vu', 'e30:1pCwhF:Hzct_QyT2A1xvPuyUHLBMNG20xg4Far7BtDU0NGzo9k', '2023-01-18 05:52:17.952407'),
('jzxrwuqmxggusvx825ojnu7o6qjn7sbe', 'e30:1pS3Fb:JxQE245GbEKR1O_r_zO7zFofRKzwcKjurB7Ub_q7GF4', '2023-02-28 21:54:11.373744'),
('k0n2s6hokdl9849ijj7d87x0w11gq7no', 'e30:1pUoEr:U0Z4TI8aQKH6Th9MkAj3eCdX1IcqoNapCE8do1Z8MTg', '2023-03-08 12:28:49.105185'),
('k29ngip30ubcjfs3cczbk7sctzc55rlr', 'e30:1pcBAM:JQ-cY6IuEQE9jln3GHljoHm-T1-feqZnem0BD1MkNvg', '2023-03-28 20:22:38.388979'),
('k3dlakf74ydx15ynou7160gp95i4m2nn', 'e30:1pSyNc:wl_iC6Upj-NYKgDuSzt6znD2zwEpB_roJn9cVd1Kbsg', '2023-03-03 10:54:16.424719'),
('k3jn57wlwqbecxghnjb4wnflpzdb48cs', 'e30:1pbPBc:7l2QqYQgD2dKLl0Ug4QxnUfCEIrU_Lcdp6xQPnu7nZ8', '2023-03-26 17:08:44.637299'),
('k4dl5i0eu8ek36umdcpgeamg5nfjsk7n', 'e30:1pSemw:5L0EWPp_ngWQq7U9rSKUHwYEpg9aU9vvlj-1SI8ttlk', '2023-03-02 13:59:06.429229'),
('k4ympdxapf55e569m7pyna12jxg9gubz', 'e30:1pPP5E:RRZPw8aRAtpxatVjnudinpPfdw1rvZeTOcT9kz2tTRw', '2023-02-21 14:36:32.143146'),
('k5vz04x53qjeztjepi3yozq35amxfw6b', 'e30:1pRSIj:gCagqedQsKdhtxzwECgdTJ_Ixm51Y75kuMcyTxO5v9M', '2023-02-27 06:26:58.000021'),
('k6671dzv0jje8645wimjlj3ifbi9pwm0', 'e30:1pCuq1:eycLq8G6Mi8rc1jxZ7qR2uUOSwAiEBKsDslIcm5Acv8', '2023-01-18 03:53:13.526923'),
('k7mu1hyue9zylrksecrk5oisdqbjvdaj', 'e30:1pQOf2:tZGRq5sagMhv7EjFJadHF1BWNmWVyuha3QpA1sxTjss', '2023-02-24 08:21:36.684352'),
('k7r7v1vf36p4rdx5a6tihudcr4uevg3j', 'e30:1pYVmT:UQ8pOJTtHLx0ykbp0_2xQhR0-6w7w2mO3lpVSUnIprQ', '2023-03-18 17:34:49.600434'),
('k9x1viqekd2luz5bd4wmo6ly7km7zkzr', 'e30:1pXWmW:xauWSHTt4AmS3Ruf5V2lae6SxayFg39KcuJbO1U04Ik', '2023-03-16 00:26:48.365205'),
('kaaq4y0easvk44sd3nztkir47bpz3peu', 'e30:1pQ7MR:bLZwZAW_it49mV9Dspr8dY_w51BOgqz8cEzCXpxnsoY', '2023-02-23 13:53:15.708855'),
('kbltl95zwv4wwyyatuwd4gabyzjx6h1n', 'e30:1ow28C:L938jhlGTt_E57LALT9KRtRQyz8IwLVH040UhcBL8b8', '2022-12-02 14:14:12.744921'),
('kbobgpjwe31qenmxpdbwfmacu820r0m6', 'e30:1pcuJS:Javx3S7pgESgywQO7cwCk-QtMrefMV3wad8_Q6xkdIY', '2023-03-30 20:35:02.016305'),
('kf6rl83ehvb57lhqxakyjqwvyt8hvs1i', 'e30:1pN9XO:RwWJ-szMXjU33Xod0o6oJfg1TDONvlJ1-hdNe6nMnWc', '2023-02-15 09:36:18.094677'),
('kjdeours13hjl7n1eql0nnkst6vjz7nl', 'e30:1pPxCZ:6V6A6du7WmtIfp-mvEuhQtThrxlm7ib2cdI2dlbeGBM', '2023-02-23 03:02:23.352910'),
('kk4i5d01omi701ubn146ri9tuvxf3uuu', 'e30:1pDGeM:40jfrwdPEL7iY9ZcW6SEDIDc-E64ljsMgdi0N3TS544', '2023-01-19 03:10:38.678755'),
('kkejobwb7wv2uavsuffj4rmfb9e9p0ww', 'e30:1pOJxD:xZy5etRtGm6hGTdkSgnjLWWl0hJ3ARo4qNY_EyPKshk', '2023-02-18 14:55:47.581929'),
('kki19bowmnjrtqev5s5dw19c3rm9t5dq', 'e30:1pE9Vl:awMdcZNqRecUi5rFbmgPHu8v_0CTVyseFLKIiHf1Mrw', '2023-01-21 13:45:25.930728'),
('kly4hqpdr9vcbwvhztnyfrp1bsbfcvbu', 'e30:1pOpuy:68ynqbI70xpckUH508PONR8Hi4xpJWN1SDnG_yDFSnU', '2023-02-20 01:03:36.938895'),
('kp6wsu1kizhh5zpkhxl0xb4czzwc6v8a', 'e30:1pTEO5:CKSpBXldyYXeNL-NmotxfGTE130YNx8x3nBwul_LwQo', '2023-03-04 03:59:49.308760'),
('kpfnp26yhydb22lpzrlb0dvlckj2spx7', 'e30:1pbljh:7P7V_iXJSQStyDotcbirHUBB7DreZs2rppgsxO1fOPw', '2023-03-27 17:13:25.334236'),
('kr81wwvwzrdx7bk6zgsh02ti8gjmvsyq', 'e30:1paf3z:C-PoBGxFiJeeR1WtjcMAeOCPkNeFNNgZSu0N_bmS7qU', '2023-03-24 15:53:47.078275'),
('ksite9u7d97ai9e9xi3l7ldkocas9i5u', 'e30:1pZm5t:fkiWUzlfru6Xr6i3nzUAnGXSJ1UXfJB8C6eognpD3ak', '2023-03-22 05:12:05.445010'),
('kvd5iw06kx4y9r93ihjtpr4r3n7lnt73', 'e30:1pCJWw:Tj-igcyhpBcStOUTgeF6nUpXG4GlyOtDBadU0MejtHY', '2023-01-16 12:03:02.517555'),
('kwgr90y1zm2766tq878nop7ao187cnqo', 'e30:1pKND2:3svSVF0vIx6rDfMd3X877nISiy4vdsyiIqVt13fg-zA', '2023-02-07 17:35:48.861513'),
('kybrbr4p3ltsvy30xirrdpgkzpx55o3t', 'e30:1p2gSZ:TjRvGIKBPjFu4LQ1nbvw_jp3UIXIcMXju7KP6kMiWcs', '2022-12-20 22:30:43.286155'),
('kynydoay1gfpfbig82rvpq69721p6jfv', 'e30:1pSJWq:sRg231Qh1ogyJScAAEW5Ulk0pqRoefSjFln5RJi2EZM', '2023-03-01 15:17:04.606086'),
('l15wml9g3skzd10oekecs14mr5dr1z47', 'e30:1pKwO3:CyeF6D2p9U8ksoeQAM3OwxMXoMLry6zgHxgGSeAX95U', '2023-02-09 07:09:31.707580'),
('l1vjy0i05mm9v0hrri36qd7ucnp25zfm', 'e30:1pMD9s:474DIwBSNT6utcHNl0mKUBGY_Ncb34UM_saq8nLp-lc', '2023-02-12 19:16:08.614562'),
('l2ekxxki9qtna5bbi79eqp9wigb563yq', 'e30:1ouqMA:1kWkk-o6I3BgTFZDQTdeCr-G1kvgiXVq2GGlNaL9WWw', '2022-11-29 07:27:42.833195'),
('l46mpwdwyy40ojemstufh7ma933fssgu', 'e30:1pEClU:1zce8KPUCh5lbUjUz_ES-H8B-WMHzhYCPkKcQqVpUTA', '2023-01-21 17:13:52.690715'),
('l5trz88h74edtn82r4yvsj2rwej62ckn', 'e30:1pRCXs:RucasDWxTpdm80HOvnDGQ_PifpjNgkTVW8jfLRvpFdw', '2023-02-26 13:37:32.793143'),
('l7yhp52lmzwt5utn1gsepjer0wl1wus4', 'e30:1pZh7m:Df0PB_0-J_BmCgJkCK0K86OyBWs1-g69cK5vGx0Q2sQ', '2023-03-21 23:53:42.014589'),
('lcgplfuc9glh93q2a2295fdkib26r6jc', 'YjMyODg0NWEwNzlmNmEwMmY5ZjBhMzNmNTk2NDk3NjFhY2E3ODYzMTp7Il9hdXRoX3VzZXJfaWQiOiIxIiwiX2F1dGhfdXNlcl9iYWNrZW5kIjoiZGphbmdvLmNvbnRyaWIuYXV0aC5iYWNrZW5kcy5Nb2RlbEJhY2tlbmQiLCJfYXV0aF91c2VyX2hhc2giOiJhYTQ3NzE2ZTM2MjE4ZGE2ZmUzYmI3MGE1YWQ4MmY5YWZmZDQ1NmY2In0=', '2022-11-26 07:16:56.831944'),
('lcz2ibgyolbjgi8yqt8xbrdr7bqy4zy4', 'e30:1pQM9K:PHgC7HGAf9sWaKJHYCVIBhtTEgKFsrjVtFy7lkviS-Q', '2023-02-24 05:40:42.803889'),
('ld1opewjm84qfgqha06t3paxpwjzpsuj', 'e30:1otwaN:b5H7HgIkzT2d5gcBPA8jUHELrnUsMCE-fGpkWj1OWWg', '2022-11-26 19:54:39.943197'),
('lf9kgtixny24dz550qkzxp7ooqsgh0g1', 'e30:1oyoRC:Si3Vng2BB76TORdCtJMpkA4Bn6hz2FfUw1IGzDDmNZs', '2022-12-10 06:13:18.945814'),
('lgca9kz16hqhy9yiqn6xook7liefwi0l', 'e30:1pcuJQ:Ba8b9kOZdZI3_h00hhEiyC5s7GKDx8XKk93GXOkvTZA', '2023-03-30 20:35:00.314323'),
('lmt5hzeljyap1zr9mk3xbwwii90v05x3', 'e30:1pFdNH:GDqn0fFJqkLD6gk6K0k2zcYwmvx06I9JpDSdZAk9PQg', '2023-01-25 15:50:47.104921'),
('lnw4p0i9pg6oeosttdzjv5pxm7msas35', 'e30:1ow28H:iFeEdVuWDttrqS28En9slsAcGxBq5tQUhIEyq2bngzU', '2022-12-02 14:14:17.621497'),
('locpmog91usbwonxy1t1gfbmjrnnyscy', 'e30:1pZx31:6-AjSwNuSaQcvcGFuepWED2aHgTs2q62mDvmeLzX3HY', '2023-03-22 16:53:51.902293'),
('lph5ut9xchp19lcq6jdzuu9mzkrlxuuh', 'e30:1pVvla:Vs9HQmPu6htTgwq-NweliOAGmYt6kK5My4WI-0txKaA', '2023-03-11 14:43:14.042631'),
('lqzmn6kh5rho8wds845fm6x8wianb0gv', 'e30:1pUw3w:awOszPYo_LEfT3GmGgLAltW-CJCq8yOetOYMNKMGAR4', '2023-03-08 20:50:04.081525'),
('lrlb3f9xuj3nc339ht2zag87j5u3o6v9', 'e30:1pRpoF:_uzioM1RvydysqoGtDdd7K7BhQmyjKmjPUp2rri4RJU', '2023-02-28 07:33:03.134032'),
('lu8arue30vcdbenyiba2m00149zncmem', 'e30:1paBAl:NkFeLD5H2iIy-KTJu76YHab4nnW6vgokSMZ70d8m40g', '2023-03-23 07:58:47.039344'),
('lv4td7hv3x1kjtmzzoieuotgm2vdexll', 'e30:1ouUmR:KyWO71wwmg8rHc64gCwr6WpPotg49AyduXerBcyFycU', '2022-11-28 08:25:23.097604'),
('lwgjubg9zv31mnrne64dpdd3vb5ulen4', 'e30:1pR6KU:vJm-eX87pecuvALumY10DKiq1stSSVIXzp1s14mm2rk', '2023-02-26 06:59:18.161885'),
('lwte95w8amknk8cd0o1uodfu3dxrv493', 'e30:1p2bNC:NfYcPshGMZG7ADfnZGB4GL7AUj0l7aCam-lPE9GCJiU', '2022-12-20 17:04:50.050370'),
('lx1dmz9pwe7mejv9ryzlmt7b0x1klze7', 'e30:1pCwhG:Bd_LivWV4jbgvVr9z6ma1pn2zM5ErgcUg8iQHsZXwxQ', '2023-01-18 05:52:18.425008'),
('m1f309d89rajqeuzh5n2aaxjhrpoo20u', 'e30:1pRZBw:5H_T7EJxcNsxRbKUA5fzvA3G-ZWNCDYnu_IxohSzOqE', '2023-02-27 13:48:24.456893'),
('m1offgrfa4q96t258mfbrbsjpxhcko9w', 'e30:1pEmyo:TltDJk9IgNO3U6HPpaApxSWc_uTV9vlO7lD1PlEvEUA', '2023-01-23 07:54:02.732870'),
('m2yfqyjrjfnqt392bk3x6vswka8ttd1l', 'e30:1pZv9o:g4Dh9g9L7qJ7uy2bhD-DPB2QzZ7cz4xUVOgvpGLloJs', '2023-03-22 14:52:44.213845'),
('m3oey8ja7wccixpm5eoy4qnp1n9ujqbj', 'e30:1pR6ni:Of8r8kLDs7YvaelfXCdeQF5rt6t8usJdhAU6SFE3HEQ', '2023-02-26 07:29:30.089318'),
('m3oi5v69kzqh92c9jy4h595gb73g8x3r', 'e30:1pUGNx:EL1TqYByRbDhabTL425yKSW02XF6HZ0KqiacSHT5otE', '2023-03-07 00:19:57.611827'),
('m4duid3ukharytrpxmd3v9drcwub803k', 'e30:1pSfuo:OPq2RWF2urKiPheh7_9BRVEQbMSObmIb7gAxH71O1a4', '2023-03-02 15:11:18.811456'),
('m4qbnqj6qsh1rdrk8wgd4zfssnd81v71', 'YjMyODg0NWEwNzlmNmEwMmY5ZjBhMzNmNTk2NDk3NjFhY2E3ODYzMTp7Il9hdXRoX3VzZXJfaWQiOiIxIiwiX2F1dGhfdXNlcl9iYWNrZW5kIjoiZGphbmdvLmNvbnRyaWIuYXV0aC5iYWNrZW5kcy5Nb2RlbEJhY2tlbmQiLCJfYXV0aF91c2VyX2hhc2giOiJhYTQ3NzE2ZTM2MjE4ZGE2ZmUzYmI3MGE1YWQ4MmY5YWZmZDQ1NmY2In0=', '2022-11-24 11:25:10.211572'),
('m4sv0lbbirnbqd5915whtbtb98wmy5nu', 'e30:1paVxy:o-WxgoRNr31mqy3P2vLRXCqdCWj-x7Q6GR3TAUOwIY4', '2023-03-24 06:10:58.951281'),
('m66tdef80f4ng36i07n7xittv9djw1j2', 'e30:1pd6B7:vmpC9bmUprf_xVX7rwQN2DZRoFHeQJRsjzfu0dYuSao', '2023-03-31 09:15:13.427915'),
('m7z36y9am7xqt4np7u07eams2fgq6jd7', 'e30:1pSmK4:IsNaO9CGf8W9OQ0sUB8LpcTucLNQs8KH3CU7CRIZjPQ', '2023-03-02 22:01:48.009900'),
('maf1gulh381ufhplmbq5iaa7r0410awv', 'e30:1pSmIl:m6lLiQdsD4FvIKXfubtO4iFwN8Pnt8DGK5wkOs2vghY', '2023-03-02 22:00:27.803836'),
('mam6eec4n6orv77ktjibq3ug99swncyt', 'e30:1pZe3w:cUzmeyHaqTfOooonma0GQkS6nYNe8BQNwNzv3oq4aso', '2023-03-21 20:37:32.595504'),
('mc8q0kco64z9zapwc0jtjkx576cainxf', 'e30:1pVCDC:84pXBxmLjLFQcn9u0MpPoXIBM-3_cHIPeXAZGGk0AaQ', '2023-03-09 14:04:42.910378'),
('mdagadyq0zzq11yyc2a77vwpa1uufeh3', '.eJxVjDsOAiEUAO9CbQiPP5b2e4YN7wGyaiDZT2W8uyHZQtuZybzZHI-9zseW13lJ7MqAXX4ZRnrmNkR6xHbvnHrb1wX5SPhpNz71lF-3s_0b1LjVsfUxgLZRo0cnbUlIKEALi2AyYKFicnCojEQZgILAkIC0d1oVAuXZ5wvknDfI:1pd4ZS:E_r702JJU6MR06yq978K0jCosI_GRIA_fpDzqQjapxY', '2023-03-31 07:32:14.424040'),
('me7v5ybbex8h1315x7c6o0edn140by3f', 'e30:1pQ2ZW:s0Vx8snVp-x9PqW0Wna0pZB1HGwl2j-oLhOF9laHDzE', '2023-02-23 08:46:26.223413'),
('mei4q4t2ngyng7c85wxf3yoa4incw6w6', 'e30:1pZh7b:IFxIyUxXT07TlJnpE2oAW2eIECHRxiRjElgYgybPeu0', '2023-03-21 23:53:31.434300'),
('mk618t3722xsizj2pr30gztiejzeb6ff', 'e30:1pM0Ws:-x9-4eO5u-lxg8CakZgqlpyYdhnVoF9N_2e0Hb1UIOw', '2023-02-12 05:47:02.209773'),
('mlf7lobe8p7uabn0cukkh93cj8zbr7j0', 'e30:1p0BsX:HyzUA6xgftF_ofsUH4GXA5RDKUv8UP_Bn38Vu6oIQ3M', '2022-12-14 01:27:13.503769'),
('mlyvpzjncep38boi0c5j3x83dncyyrb2', 'e30:1pWzG4:7UFZpGDDQ9Nv3rpXzchG-XnOtRykPS8MJKAst7ZiHms', '2023-03-14 12:39:04.619325'),
('mnlv4dihm0apya1fx0dqxng1jsylfr39', 'e30:1pcUAp:guVviwZUbFP5YANKnTq2DvBJ-2g-9r7SF3BXGxqbR8E', '2023-03-29 16:40:23.079636'),
('mpmrmxfxlitgvz4ssg5oojj5ymomsrfz', 'e30:1pReYw:Mj6K-T7IHL6N89zD7gKHEYG_REp0krANrsYY7z8F_ak', '2023-02-27 19:32:30.496786'),
('mq8c6sacxbep82v6btu41sknmj0sxsbt', 'e30:1p0EKy:JA4OM8810yhxpZiX2xMvTkvtAQQ-e9NT9s_lsAnEvQA', '2022-12-14 04:04:44.469318'),
('mrotq70xmarq7ffajf90kz9842cnnoyc', 'e30:1pTFCe:TX46P9aGmyD5hCVBquSCTvVR1VFnKp3mdIZeOh2ieWI', '2023-03-04 04:52:04.458590'),
('mtv852euowe4lhug81lpswv9h46vbv57', 'e30:1pLf59:o9WC99GEq50Pxc82fqgkclbPG8jC-aDvUppSVPE3CoE', '2023-02-11 06:52:59.235029'),
('mur1meuhrg3537k6iye0sx5s7nyw969r', 'e30:1pFy0I:ZXDnX8OPx1LW-8VZhWO4EB_G_pw99qHeEwqu6ly5RMs', '2023-01-26 13:52:26.582543'),
('mvpkh04igrj2cee2qo5ic4865vz3s7gy', 'e30:1pFqU1:qDVePSAheDwcUWwmKR4hohDzA48VnefrM8XEF1GPkS8', '2023-01-26 05:50:37.856727'),
('mzyj00y62g1qi5x7yeoz9hzss7kze5py', 'e30:1pR36r:MKBheU8kYDg8MSikNg60-EJL313vSntApv90lPi6QYo', '2023-02-26 03:33:01.020963'),
('n3r0elpe77um1e3o8aw3dh628ozo7add', 'e30:1pUpMT:aCRczLuumnzaaO8AjhnyMKyPylWhEtc06WQp3cSkpkk', '2023-03-08 13:40:45.985464'),
('na9bw5bieq0k9e6maqyhh46if6dvs3id', 'e30:1pbjF8:g-1sDQIdQxck-ZPwTKP8FSOG9qIDoEZYqVGWH-hj0qI', '2023-03-27 14:33:42.651203'),
('ncmbpscb6m5u2z1u0a7jqe2evl4u2rei', '.eJxVjDsOAiEUAO9CbQiPP5b2e4YN7wGyaiDZT2W8uyHZQtuZybzZHI-9zseW13lJ7MqAXX4ZRnrmNkR6xHbvnHrb1wX5SPhpNz71lF-3s_0b1LjVsfUxgLZRo0cnbUlIKEALi2AyYKFicnCojEQZgILAkIC0d1oVAuXZ5wvknDfI:1pd4Za:sdZTN-7rAocvypoHybLoRrCLVYthwdWbtrrgNFjrIIs', '2023-03-31 07:32:22.366973'),
('ncqlje0th9337exlvzft0mq7zb26gnfi', 'e30:1pCk4d:ERa6hIwN3xSxuNuGRGhq7UmuHu6ZcCMi7f18UxbNlx8', '2023-01-17 16:23:35.330185'),
('nd9kxv94tw8rlnjfib96aldf49bpdudf', 'e30:1pCMAZ:6r1LcUAKl5E2D2EMsjNSMOzjIVU4cxIrkLgFxqVl9Zo', '2023-01-16 14:52:07.351917'),
('neprclmkv9afgicanwcmocyu4o7ityg6', 'e30:1pZh7m:Df0PB_0-J_BmCgJkCK0K86OyBWs1-g69cK5vGx0Q2sQ', '2023-03-21 23:53:42.017751'),
('nfautst0unu9rii7dn60x7kiknhrx3n1', 'e30:1pNUFM:pd9apWzWDdVvqj5VpcItJTyvnmSbryKV_nxh3p_C3YM', '2023-02-16 07:43:04.823174'),
('nfl55gjpmlxre4u0aac4miygf2vfsxs2', 'e30:1pBd4t:l6OlVjWAUfPBaAxhL1fRxDYzgoXnx3ZN5hzuHCLsTW4', '2023-01-14 14:43:15.610984'),
('nhlxxnldilo71vcgkjyawd1hw1ylcy72', 'e30:1pMUme:F64yWp0Ug5TKWpiZpdMmsLrQ4wi7UPB2C8EtV-o2PUY', '2023-02-13 14:05:20.576501'),
('niy4pjpy5abohwfi0oeyy9hfq7l4vd7z', 'e30:1pXFjv:HDk7KaymETncGFU1llBej_CKcd7h7bMLeZ2qr8RhM_E', '2023-03-15 06:14:59.194719'),
('nkq4lh8v06zmdvcp6ohbcjf4nqyu8365', 'e30:1pcixJ:_5lc4k_PFaRklrtr-O0NW9tFblXPMKEUZ-JFa_aL6cY', '2023-03-30 08:27:25.205705'),
('nkvql7ahozck7evxpbbgqq6sfbamsvli', 'e30:1pTdG2:pCDBjp7dFrwkO_5iS3uM_JZfghntOHC3l5KwvFM9kuI', '2023-03-05 06:33:10.005765'),
('nl6wlewhaztoj9bfxpq7k1o2q1oa24fm', 'e30:1pSFHR:-KFZosVwmL1O1-dzJwJGG3LodmeLdpB81J25lhuLNVQ', '2023-03-01 10:44:53.478562'),
('nmjqrphy8vw10h4dw27wxik7hioef523', 'e30:1pPi4H:Pd-44JM3eBZEmUzxK1BOdb-gnKiINIVGUzQ44W6P8s4', '2023-02-22 10:52:49.297698'),
('nn7cyz9px15wy3odl2i0pl5ksjtmblkb', 'e30:1pQyH8:nqBTKZaUJlR-mD6m30iGUcAzfWNAIOQCSuyNqVQ6Tso', '2023-02-25 22:23:18.827608'),
('nnmsozdbv029rfv51lj0mmcnxe9dzem4', 'e30:1pRuzD:5eENvF3L5YjL90Jwyebam0Bzvggl4cXruLTt15GxgeI', '2023-02-28 13:04:43.119963'),
('nopbuqm9a2o0fmo30qhsq0sfxbpsfu8w', 'e30:1pRhnv:NK2OHmsqNXNa_5zX9xWo7PKTgFFB1dboVG-RNbQZ-E8', '2023-02-27 23:00:11.565081'),
('noxzdewfmthexttrb95a9qp710c7sn26', 'e30:1pQSye:WzwCz33Pnaw-63QSKDAo92XcLkbIjV44xqwOwkGYhAw', '2023-02-24 12:58:08.523780'),
('npkr57a789hk4ouk0hzbf638b2f0et8k', 'e30:1pSnhY:LX_i3vAGpKMX9BBCv7q_HuUT-aANNIvkJ4sWlVQUh0A', '2023-03-02 23:30:08.327046'),
('nqkcbqs8x36gls63r5wr24z7cwb9aqr6', 'e30:1pTQv1:rIWH2OrP43L29OWw7nUmzhTfUUCCY-4vBOMMhvHxU0g', '2023-03-04 17:22:39.883923'),
('nqxwrenq4ydso0kbxngzyxjev2w1aq8l', 'e30:1pcQss:5JRG3aIyJumVoXd_xtlTnNJ69PSBGSVZmisZS4u870I', '2023-03-29 13:09:38.940019'),
('nrymg69vmutcdlnqunr6qw6mv6nhm06y', 'e30:1pSeG7:pfk1r-epsSsOlhYlIWLXy65K1O60T7BeukSR4n4u6w0', '2023-03-02 13:25:11.441413'),
('ns7e4ark1k5e85a52rdgim1p7c1lwhs4', 'e30:1pRddx:N_kdvtIhd6H2x0hWDT5uHBqnnduIAX79BMdr6MvFPyc', '2023-02-27 18:33:37.373689'),
('nsp5ondzjr79j5qhjl5mf28jmnkgr7bm', 'e30:1pRpyd:fVIPOaBMjiXavEoEQA5M0YC1qgcZVADPUE9WITvXRHY', '2023-02-28 07:43:47.354570'),
('nspkwo1vdxljg3zl5giypm5h41xolhty', 'e30:1pd4eJ:xu31PhL345yskZRmQsM5VaxlYIZDqSa1KIX3rk1gFvY', '2023-03-31 07:37:15.736524'),
('nui4fu0q13hf80lvy7q1qjh82it2zrt6', 'e30:1pR45a:jP7nYJApuWv-TS7zrzZuX29GOclS3ixEF1gCHyHKxlQ', '2023-02-26 04:35:46.979738'),
('nv9ai7oaqhak34dq8bxpzexy3a1jdytq', 'e30:1pPeYf:ONMiN4MQhu56ZfmtpVJtxYs-p5ZPjMXstYLWvij2ZA8', '2023-02-22 07:07:57.703073'),
('nwv9nhn2jge2td81hdt1d969rb7ph9xs', 'e30:1pRzva:2mEchGWrOmRX1GN9cLqvlnSJaent8CCIo6IxJfNNr2I', '2023-02-28 18:21:18.054932'),
('nyyc3eerv8fgnxcz0g8izl3w01fde9u7', 'e30:1pRGZA:VndUMwMdoB1t9icJzqSqIjAzTOV0xWJDfC0YeNb1t8Q', '2023-02-26 17:55:08.465452'),
('o1dkixvdfcccandrl4hfdjxdrydgncp1', 'e30:1pR8X8:H_ZLrMCg6VcJD5En4-tJhqjPHu8x9ulYx9ntCO5-Gzo', '2023-02-26 09:20:30.593246'),
('o5lpgyaz7bhclvrcywkbhw82u1kl4979', 'e30:1p0EKv:lWEh8MHmfi6G3y2YxXcaCCENVVs948acEX8iehiSyaU', '2022-12-14 04:04:41.663496'),
('od0guw14qg0xtzzbevt7dglid9ix7582', 'e30:1pQOYI:cTYEN1vb8PfJLrWqbGFxb9LiFtr0WdvQIVqqw2QVXyY', '2023-02-24 08:14:38.212522'),
('od0vde6fuj1elgrpxttyuivl4y12vhgv', 'e30:1pcDfm:3ThxIbJP45Z1tUXJs0IDORjMbeHTa0TNNUJzXVyibwI', '2023-03-28 23:03:14.219286'),
('ofjugjmh79tm4q9458gofvq2d1ksuz79', 'e30:1pSBMe:k7N4q-yHaa_e7iJKu_M0s9mNY_Wmk4tzOLW30OO9B9M', '2023-03-01 06:34:00.392228'),
('oi50x20gapbqbmrgziq6iols0duye7tk', 'e30:1pTAS5:LerWa3HG8Bf0Z8Np5Hq7vvVTUONmIrhbOX8SK1KnDPk', '2023-03-03 23:47:41.188628'),
('oibar499ftzk16js396i3mlwb0z3rzem', 'e30:1pR9QU:6uvo_N24ofCwpq6KfBzF30Gql7tEZi4HUeTlZpfrUzc', '2023-02-26 10:17:42.155447'),
('okgwxmri2q8inqbnpyonc0vf4h9uwvqz', 'e30:1owSxS:HWXsMvoKWxY4Vs__f2zNXy8d9CMvO4AG1Wlzb8hMBSg', '2022-12-03 18:52:54.018124'),
('olyiwx69a0tjwb0rxhvwa2g8pqqpizwl', 'e30:1pRiHO:jqY2Gbnm8xldzCP7ZcNHQ9wby0332yr4xeD7_YWHYek', '2023-02-27 23:30:38.366738'),
('omzn4oe38ixth3qu0dqd8pji5jduhtvx', 'e30:1pYJG5:uP5PPN9n2fzNHS0l0LzEJGEoHi9alLs8-cIoLvosLxI', '2023-03-18 04:12:33.531458'),
('omzz7fb6td9pdgl04jr047d3s1vmwqj9', 'e30:1pRlgg:ZlmlVjk8FTbkTR9GyqLl9lxERJh6UUhXBJdZd74iycM', '2023-02-28 03:08:58.588597'),
('onss23df06n265zxsdu3pll4ygv9mhbs', 'e30:1pKNEo:Y_dFIOjT-NLJxd7NoaVHvUv0hpBYzQx2q4i55fjawr4', '2023-02-07 17:37:38.241056'),
('oo14p38o21bklxlbog18z2v9x26hqd5k', 'e30:1pKhjM:FPNEsYDqzudUe8TsW7PnFBZIKEJyD1VoLVy3rfBWGV8', '2023-02-08 15:30:32.927372'),
('op39ik01dzpyqzrtx0i5vri3xrms9fm6', 'e30:1pWPoQ:cFvaCJUiSAKkSIRc7QDgEYKkyfCnpjGA3sDaV6BGDRI', '2023-03-12 22:48:10.898747'),
('ouwx5r61i1yotq89waqnc8ja57gkgqxl', 'e30:1pXAId:prTax0BFd2O3vohdGEcwFIVuBIIpTNZBxk3_nPuDFs4', '2023-03-15 00:26:27.019460'),
('ovn5jags80g3zqmafrltepz8iznlmg8k', 'e30:1pDX41:9PUaNr1zHQbdBAfjK6wIgvnY4PB6AlRLilFpaGvJssU', '2023-01-19 20:42:13.056187'),
('owbunku2l53xno19saiiwkyh7b567i1h', 'e30:1pOcgM:Y7USO8Csr5pyIyGj4MEzSriy6fV8n9JrM7ev3aDF8ys', '2023-02-19 10:55:38.998706'),
('ozp22bsx0s51v68itdxcw16fdii661bc', 'e30:1pNjjA:WKhUfqE1EwH6hf36Q07APZsCxh1B_OFY2VgFPBVdRd0', '2023-02-17 00:14:52.358805'),
('p08ygmwig1a9mcvs2twrs75z76o7kaa9', 'e30:1otwaV:bcxtqJfUH2gsWRbgMLVYNTqLRVMsPpcZO1cX02NHzYc', '2022-11-26 19:54:47.661102'),
('p3l8yrbdpgimx02cfqxaa2o8koqw5dk4', 'e30:1pRqV3:gXYOW8t-TtCElQrmgubN59Nplyx1Kcmg4Q7POtSBIqE', '2023-02-28 08:17:17.827080'),
('p5u8zndi2vr3okh1zffo76cnzzg3jpsc', 'e30:1pBKQj:AL0g1QUqNF-yerSBmlK9Sx96DxxlocTRoAaBIqA-WMo', '2023-01-13 18:48:33.866143'),
('p6y4xx8a9dbvgmbehh410apfjdsteb1m', 'e30:1pBeGU:mWIQOR55uWQ-M9qv82QFJV9rwV-6mG2o1jOKRT5q2VA', '2023-01-14 15:59:18.048058'),
('padwwspxdcykckvov37whmqwswcp7tfz', 'e30:1p6hCP:035940urdGwr-bn0T0DL17pruUibt0AKM98xfXMSrQE', '2023-01-01 00:06:37.887754'),
('paj21rue54mws1vuvtv0pk7jf9w2ie9w', 'e30:1pSZIG:rqa0kOcSNAiTbet27GOwOqt5SEND05Kv8Qk3D5hnoHU', '2023-03-02 08:07:04.473384'),
('pb9grjflypnzkqrzyo0vvjyiiv9rs815', 'e30:1pP5bJ:sd3LymNwI6p6RD6bgRodOQnpCqV6-kwhgTDjZ36MS1g', '2023-02-20 17:48:21.101577'),
('pbsrag4mcxu9a13x1w88drsfkzfj7h56', 'e30:1pRqIQ:JAJBRA3y3VAZDx1IQpNmjq1UkSr8KNdo2IaLesc_h3U', '2023-02-28 08:04:14.806588'),
('pbumyera0qk0r3zgubn3h2venvld7n7q', 'e30:1pZsMw:JO3maQTSM_cfPnhbvGBW2TX12dQXNCs1luWDtPVUs8U', '2023-03-22 11:54:06.741845'),
('pf46flo7jfsh090rx9g7wpgqmct8lelj', 'e30:1pSUyj:ZpG3Lb31ygh-722WiSoVN34Bu9MkD16gEsAxB-b5er0', '2023-03-02 03:30:37.201065'),
('pi84d7x9zun8ax9p19ekqn8f2d36ld3d', 'e30:1pRsv6:2LqQIZzrWj6otWb-JJ_Xq0FGjMlgE9QQE-jb6M0fgp0', '2023-02-28 10:52:20.021313'),
('pj8cjbdmp73gexhvwwmrxrak8xa59kwf', 'e30:1pQ6RM:Vb95xlt_s3nN0-ZRtmkscvB_EFXPLiBBzP3yRmRcQ-0', '2023-02-23 12:54:16.963926'),
('plkvyosnyczezn1lrnt8ygix9edg1mb2', 'e30:1pU2rZ:5BK_FE1vPy-gE7cyXl60cKqaEezqvBXCx4nH8Q8E2L8', '2023-03-06 09:53:37.338508'),
('pn14npmegsigjxq1tszh1j8r8623q4cc', 'e30:1pcuJP:gjgFmfs0L7gXFOa0693SFOLbqfUUJoPBSMz8oT6nOOw', '2023-03-30 20:34:59.719933'),
('ppc75ulq24t2o62e8vtdwjinqfwb2m7g', 'e30:1pR37a:eyUZio7c3B91fhHquvaxyQql0M8Nz-z4YdwZml0TyxU', '2023-02-26 03:33:46.635105'),
('pqo6eloko0lyh7wpxb1vxi58vyiqy140', 'e30:1pLeVg:zBQLrtL9fOMPu0dXxL77hL_bPwzry9RjuuPpIIkwINE', '2023-02-11 06:16:20.723248'),
('psq210itk4njqzfbpw8mqd1d44qkgdpo', 'e30:1pR6LW:hTByycPOyz2SQ7kiUam-ws9bKn9Sb3S4u3vAzWxrXzk', '2023-02-26 07:00:22.688648'),
('ptgb8lzlnrw67247jr7doi34h0iu3vak', 'e30:1pcFnn:lCjaohCIum_wOmnis5saTNGzz5nMrVyMBty6fqHUFmk', '2023-03-29 01:19:39.100625'),
('pu05nf6nucito6x3qbgeuaxzgtntbtsi', 'e30:1pRcWs:xlmbwXYwTPaXdZfawl5ELytZt2pnmFT_XbxRYtEUGUU', '2023-02-27 17:22:14.939121'),
('pydwt450mp36bc21atdj2bgf1n2aio8e', 'e30:1pRTSq:rw0Wh2nF5VDq1lG3Qqgy1G8Mzl9rfB6oKCW8RR45lr4', '2023-02-27 07:41:28.803300'),
('pyg7aw5cq48tdk3michjuvi6rovc3rde', 'e30:1pSLWx:39pCrbZBWQAJUeoj1b-1AKMW13KmRsT2ziquSHLEmb0', '2023-03-01 17:25:19.547532'),
('q1ijjuid98xenw7yomjgzvcglqzm39vg', 'e30:1pcpty:3vrgWFqN3GTyDj65RTw7nFIMzzhmnbGLej4GdSFKBUM', '2023-03-30 15:52:26.459136'),
('q7u3dhklsttu5r6q2zmyut4aso6a8xgg', 'e30:1pU2sA:J9SDuSxssNO_RoFrfbyu_77gz90Rg99u4lZSsAxS86U', '2023-03-06 09:54:14.050013'),
('qay6wqmex42qhevu54gf1k42cm4u59kc', 'e30:1pSFay:cjotYhPSsPmbLtrOjPEI_aGnbsUC_cokwfYC70oOMEU', '2023-03-01 11:05:04.744746'),
('qbjyj7c3vh9t7046kj7x92km1mcok2ri', 'e30:1pbBl3:dRIN9i3jqQvc0i5zXBLVR5opWFoR1vo0Lkh98j5sQ2g', '2023-03-26 02:48:25.838225'),
('qbz7uzfl0v7ta2z47c8xorg0ybw2wsg1', 'e30:1pc8tc:b5A6wgj8o11PD2UQmeUJUxhroOugYsDwRyctK7cp2Qs', '2023-03-28 17:57:12.702764'),
('qe1ejl7cp5fm6hy1mldcs60ru8f7hlf8', 'e30:1pCJX0:zCX4m21FI_sIeNLyBTTeXicBT4BI6y8-w1PQGK6LKCE', '2023-01-16 12:03:06.013856'),
('qear99a80o0rx0svzeky386qmiwtdp79', 'e30:1pCwhO:B7Zv5TNXmd9hqdKD0Eek7dItlVf55wp1R3bGRSIXn34', '2023-01-18 05:52:26.705033'),
('qh90xh9qvarxf4ke6up2x74o3p2ubetk', 'e30:1pQSIT:R1L_hUL9liWvGKuy4EezsGm7ZDkQKPkyyOxjyvQJ-Bc', '2023-02-24 12:14:33.174641'),
('qhvnrj93pde5vm51hbfjr7lz1oiiad6y', 'e30:1pSmJK:Lg1q5Uzg8c5eXMu_thzI9uHfohC1DWrQCb7wGtitcYo', '2023-03-02 22:01:02.462491'),
('qjazdxgaj92hfj7zspnvd8jlz8d6qt2q', 'e30:1pQiml:I3DLeiglCPtJ1liKBwhDHDPBHAiIREwuG7OtnFR9m2I', '2023-02-25 05:50:55.124765'),
('qjc2s3c0pajof4n20vzrq40fmero3ii8', 'e30:1owCLY:5fuZTDtm7Nhp0WMN9HIZZG7uMNut8gE5Auu0cNhO2jI', '2022-12-03 01:08:40.007341'),
('qjfir0l6qqlkqyek5kp2ln9o525djemp', 'e30:1pS9II:xy2N_I-ZwKyew0ITMnABZmYI8swlm92uazngioCOOt8', '2023-03-01 04:21:22.962055'),
('qkaghrvitylcz4jopj672jxbc2u46w41', 'e30:1pcZhC:gr4PLDpCaHnPn0TpDUoCbOpsurBsIR33yBu-wOGaugk', '2023-03-29 22:34:10.369417'),
('qkbcki8owf53pm5buyponjssiatjkr6q', 'e30:1pQyiG:O8qidAW34hy0GJG0hZMq9p0fWxu_ufaZ0HwyaM7ZbVQ', '2023-02-25 22:51:20.616506'),
('qlpqk2le7dyyrq9iuyrq3llmhftt8fsn', 'e30:1pRcAu:xjk9-aKBPefN0vRV4rJ5Sqh4Tx8ORIEj7Z4668En4fE', '2023-02-27 16:59:32.778924'),
('qmoqyy1y1r8fp7snpiqm1avnonw417yq', 'e30:1pN7le:kJhwCEYV0hJtNB0n0ZLo_LoDaTWIpg7D2QFF3_JLyzY', '2023-02-15 07:42:54.573057'),
('qol0nxfeksbjsche3wbd0xc544fqkq4g', 'e30:1pWa8y:HlB7_wAuHV6QB0epnm5W-SpjE_DFESlLq2rBCmXrzFA', '2023-03-13 09:50:04.109264'),
('qoxnqqtrweqten0f6wiwzph18ogexq8u', 'e30:1pbSIT:Na3_Aacpf6ujcrfEwElDTlYY8wYRlyN5G6eFmfs3GUk', '2023-03-26 20:28:01.413804'),
('qpkq2ovrxav5nm027bme5omqltdxhnqb', 'e30:1paYAB:N1ETrvxp9IrAoxKTARPspZCD_gqpG4LW_scx5wA5pBQ', '2023-03-24 08:31:43.409721'),
('qss3rqxfbw0msbzab3s3x52bvw28swft', 'e30:1pN8pG:avDV-lbX_Xf7tWVz5yRr29z4ydVGk-NfaCL4Cco2icE', '2023-02-15 08:50:42.456480'),
('qvzcxl3copwexgzlg8emvrztxxosurmo', 'e30:1pRBdP:iNWC94ks8MtRXWGqfUMnN9kDHBz1qjOfxF_0xA4JYZI', '2023-02-26 12:39:11.970549'),
('qwqwzhy9dczko1qykhwjfpirbfjhingg', 'e30:1p6x6Z:PHZTpakpZQtVDWbW2Lxpx-TjVh5W61REChFJ79UC_7I', '2023-01-01 17:05:39.765301'),
('r1uy4o1pccq0tyefmg39ysxfwksd0hwz', 'e30:1pS5JP:UVLs_9hWtwG0b9Mkmpvm0-DpkyYbMGQi5LoPEeVak-Y', '2023-03-01 00:06:15.163015'),
('r2mgtqxrin9hqmfs3fh9m15mfxk2aq2o', 'e30:1pOdc2:0dWkqjIxfBGqRNab8iGayDNtE7k6d1FE0vvnan36894', '2023-02-19 11:55:14.238691'),
('r3iz1tbvjkarvdwvce0feg2j5q9x8suq', 'e30:1pCV0j:WJBj4VN0rqDWd0muthutLNSjxWHec-JAJhov3Tk3-qU', '2023-01-17 00:18:33.364261'),
('r3jstdhwqn7hedcwexiyf5eguhslx3g8', 'e30:1otwNS:RzQr5rV8FdPAzDV9gqVWVvKJuwyfbBNDf8b90_IiX9I', '2022-11-26 19:41:18.596739'),
('r5jrnedq34yx2trkx48q8ntzqxf727wu', 'e30:1pSGT2:5YoSbMUtj9ciwoxvnAneTU7OgHP95rjxdrKBMzT2aAw', '2023-03-01 12:00:56.799517'),
('r60yuk2dbix76nxspi6fqxur91xpakmq', 'e30:1pY9ks:iQtsswUHmtL8JNfweSh02rd_7bKVeEWzovKU2-6TCVg', '2023-03-17 18:03:42.400369'),
('r639h7z57xgivgt00jw14xh7o6g0g6ix', 'e30:1pEReu:BPUC2H8Ja9NxlUrHwyJGjINLScrXyn6oSLK5kDKTj0A', '2023-01-22 09:08:04.678173'),
('r68snrybu6po0izvnujp6buqnfv7e9jx', 'e30:1pLx8E:wBNb96VeRyVoE6tcs9sbTPxyMKspoIs3t60MZlEuFA0', '2023-02-12 02:09:22.104976'),
('r7j5uhuvv8u7bknf994hv5okhix4sgtp', 'e30:1pPkFh:ePOKMRDTIXtD2MsCI1196hsUZOqyHydtPtXSJa6kZYo', '2023-02-22 13:12:45.808790'),
('r7tj4wvm0m4eb4lm1ml9iccyab9ha6oa', 'e30:1pTam6:0G8YOR_sSXninIWBWxgPqntFfNwCrK49dMz9XNjaHKY', '2023-03-05 03:54:06.888283'),
('r89y42815tyre3xg49kkp7iiu6qchune', 'e30:1pU2rR:4fVKgNtIi7IqUfOxnhtfI-sxCyN1wVLCc6B1iSulo9s', '2023-03-06 09:53:29.617775'),
('r9pnw49zx8arpyk346qwfesxsnitbs0x', 'e30:1pR04O:iquF5teBtjuWoSRX7drbXTURQd4AVC7srMcsxdFyxfU', '2023-02-26 00:18:16.754061'),
('rb8h2x7wf1i1zbgw3tf9lveoclks28dv', 'e30:1pUqwc:9ZYlcskNDpIw0m1PYgytZf7lF9NPKaZFX_0xC8_Z5oA', '2023-03-08 15:22:10.201874'),
('rbkfu2tj3kq3tcusq54kwqq92ov3j6d3', 'e30:1pWQZL:Z_N7Shw2Rq55mSMbXFmbANZ4pxomUDIOhlFM_M28I40', '2023-03-12 23:36:39.677380'),
('rcdcn0baa5ack45v0hx2uncixegry882', 'e30:1pZKfQ:_huI3TRucl2aeA4wCt3sDFXKGDUid9JZyI8o8KVOVUs', '2023-03-20 23:54:56.088203'),
('rdxfk6qs43tu8h6rmpbqzd24cbmlllc5', 'e30:1pTSKl:zdIoI5WpbP9X1-XwVhf9kTX9ZpbusSmQySBEcvor7lw', '2023-03-04 18:53:19.565650'),
('ri4iig16v57t72h9amh6nqgavt7f8sp8', 'e30:1pTcYE:ybR-gEWzAdOLgkB6bGyScsjjWYn5mCn_CsY2JnGp4BU', '2023-03-05 05:47:54.121860'),
('rkziuxxiq24m9vm4996luqun1hbl77bi', 'e30:1pZx5y:XJbEeoEJiyyyylKJXl15C53VpRxY2T0gaUhVG9MCFBE', '2023-03-22 16:56:54.539269'),
('rn1wu1plmxnrpjofsjuimc6le155t64d', 'e30:1pZdwF:GIPMnbltfyWSR3tpkV1rfc9jgvJXVpJIHfiCBYLB8aI', '2023-03-21 20:29:35.622018'),
('rnozyunp9kj3nx4hv8q45ysofl5ynwen', 'e30:1pRSyf:gvrjuBPLSb0byX7XocY8yvHtSjN2wE5MQMbiCA9FxVg', '2023-02-27 07:10:17.338338'),
('roj0lqysrnd8aetafachy9zilbf9sqo9', 'e30:1pSHjd:shGkq8yax0i9HKnZX1eYC2URG1-t3KEeKBT86gNOJZw', '2023-03-01 13:22:09.078369'),
('rqcmiorg37pruiiej91rkc2ig2b76f6i', 'e30:1p0EKo:9_e56hHEQqPAuLSeJbifFBPElb23StiKaFsSHw61nAs', '2022-12-14 04:04:34.380180'),
('rt5ybxaokewyjwmim61sl60gqi3lbhko', 'e30:1pUpnT:59HgyFDWb6VRJwtqypcwYnMY8Ht91LjHvIBqbwEw_3M', '2023-03-08 14:08:39.714341'),
('rtmh5zl6yz7i5noathjij36hyua4tizo', 'e30:1pcfji:9Azbi7oNc1j8Lz0dVpmzjsCx80X5WZTynseDsAFO2X8', '2023-03-30 05:01:10.805351'),
('rv6kqa4q7bma4rqnkpqwtii2gn1bkjzn', 'e30:1paCUx:QO3VaznXWJtxQek3_veNv_vLNMHSkvyD_wuE9JqMNFc', '2023-03-23 09:23:43.410112'),
('rxkinn6hqsqxa5d335surfrvte1tl07m', 'e30:1pWXt1:-29ghttDHNy-Abtk_O2lKgyE37qPRg7OXN084qeNc4U', '2023-03-13 07:25:27.915713'),
('ryyli98nsapmug3eyjdkz2zs6qi07p32', 'e30:1pSsHQ:UOKo-Tnpqw-ckvmf5WrAsBOgjPsLauBcu5VjvPkIwJM', '2023-03-03 04:23:28.278978'),
('s1fdrljt2pztrvd2h8pb91z0h80dg794', 'e30:1pRyBW:fhTk6B2IRzqdKn8Exgr74rqQBjtMMJ6RUQcZSH6mMCc', '2023-02-28 16:29:38.729729'),
('s278ixxn1mn0n0fhncb8y2jz8cb6q40d', 'e30:1pRtly:7fwtZjxJm3ukhW5IlUuzECwxHeg5lYFGrOiZBnP0Ylg', '2023-02-28 11:46:58.651625'),
('s2cyh88rytn9in2mst1tdfdj7ukaju8z', 'e30:1pSsHR:AvY7NwAud6ZZMOdah4DsMOmtgGzlhkc1aATcGHMuqys', '2023-03-03 04:23:29.464301'),
('s2hmy36mw3zuyqd19k5ydf9nyzp1d3lg', 'e30:1pPQIf:Zm404-P1WBLfaMDUE92wv3pChfPpEYuXn7uqvoTIJuM', '2023-02-21 15:54:29.264785'),
('s3mw9o6acuyoc17pakyqbu2b1b0ngjj4', 'e30:1pSmJL:v9PMyTAy2S8YnL6kfDLSiV7OS6PFnWc2OEuFZHMrGlg', '2023-03-02 22:01:03.316482'),
('s640s386pmi26gxfvcq9tsqh0livjv7g', 'e30:1pR25P:bb0ZhVG5QQk5CmqYypOQyKYCQiNY9_tzoJFGKEUtrkE', '2023-02-26 02:27:27.733356'),
('shrrvcy9yy539bkiqfevz3wcho105wku', 'e30:1pXjCX:CrHSPGcoM3Xwign1Efx-SVG2iH7OKs8dgrhZQTkgpgA', '2023-03-16 13:42:29.019097'),
('sj2k8k2g749tvslwe90457z39d96lcf5', 'e30:1pRbif:IXEc4Ujufg0MmnlSawNrHbxA82JzGvQxfqhT_oUAzyE', '2023-02-27 16:30:21.014002'),
('sl8eavdkxhyybz2662xe89m323xk6y56', 'e30:1pNVsj:QjWld7wNFwBH3fEQiTAHwmmsb_cL-K0enlyXJsbu-IA', '2023-02-16 09:27:49.041368'),
('sm4gr25yjym243werdoo4z2hct7ed51h', 'e30:1pUoP2:47Ed7OBlxkU88GVhO533hEqz3nH_4vptPsTcw2t6OwQ', '2023-03-08 12:39:20.425805'),
('smo9er9cv376437fp2g6b2l8zilokfds', 'e30:1pSVuH:BcL6646PNg0_F4u9N2ZYeSrE5I9LTAMI6-9WvfzrQvg', '2023-03-02 04:30:05.582943'),
('spqgs4ir56bcpor6envzz0zq0vbk1l71', 'e30:1pQdup:liGo4JK1shP8yl3aEpXgOgb2Us_zjRug6mzgzXhgHL4', '2023-02-25 00:38:55.253890'),
('st4bmavzbyr6i4wut9x6kva8w237abo4', 'e30:1pC7xC:xdxhKJxjfz6evN_EMLEeC95Q705-bahvViD_erVWh2I', '2023-01-15 23:41:22.740406'),
('swl6fwthbuady2ehol4efpwl1mfe3d3h', 'e30:1pQyRG:uYx65I9ajh3O9UiUqQRIROzdpYrKtdshPFZ5PIkLWz0', '2023-02-25 22:33:46.021720'),
('sxceaeqjdhnf088ncx1x52ev2cjpj9th', 'e30:1ozZyx:kkaJkHvS0-r38Wk1EAkIW_ikx6LaKbIJ1YOSMObC-aE', '2022-12-12 08:59:19.724050'),
('sz4fpse2395z97e9s7ky6mkzzwukxd70', 'e30:1pXeMV:LSLzQBh9W8iiao1LBArjCYEcKZwSfFaY81cMs7zun6k', '2023-03-16 08:32:27.957305'),
('t12h2beg19v1884lh5hhczzan428dwo2', 'e30:1pDjrQ:KnW8uZb0cC-RHIpchpbVB05G-JT3hTIE1Ag1f7lWdE4', '2023-01-20 10:22:04.081395'),
('t1galf95uk0nhb6oew7oe8x3df6dyr4k', 'e30:1pRqkw:zVMXqyuSFtKlQb-TvOYsw1r8wtvWHGkcSenL97_20UM', '2023-02-28 08:33:42.828117'),
('t2j2lmzqspe73kg430127kmyskdzvs38', 'e30:1pSpnZ:qixv7hI9eL66wyF7iiVarEJIqY2qC6i3IWTPy0f01sc', '2023-03-03 01:44:29.781059'),
('t4se1yaavxbv2k7vo6o2a33k626lhqpr', 'e30:1pciQ3:77NbenHrMuNlDZiLQ7Aggm-Dv93570gC7a-MT2tBkDY', '2023-03-30 07:53:03.494687'),
('t51l4mkjj0q4emj2e68wl7ms3929ppfy', 'e30:1pYwK8:ORdw7ySua7jCTFPssEiHDRQM3lIsID-msvzIGR-r5fA', '2023-03-19 21:55:20.356945'),
('t9metdlvsena022sa2f81iwy7uczq3wp', 'e30:1pWnmm:xs_177Z4QoHXFh68daYIFvxIvMYO91Dhodlf-y3KCIg', '2023-03-14 00:24:04.345455'),
('tcyluntnnkgndr8xdio1sxs4px5kpamc', 'e30:1pN0cT:x12ZG7y2FYs3w_HX42R9nlVhayNBu8M1QXCa1-QeZxQ', '2023-02-15 00:04:57.598915'),
('tep7awp1c25pbzwd8w9gv589svl42e1i', 'e30:1pSmKQ:Zvf9CVreWtfr3UeCOGtdAyamXU1ZN-Ne-iNmYAsgp2U', '2023-03-02 22:02:10.900149'),
('tfv4irf2jxra1uy4d21h5l0g806wdqfs', 'e30:1pEyZB:cR5UpCV-jlmOWJ-MQt1IrYrTZI-xf_UZj9uQkorvqgM', '2023-01-23 20:16:21.931219'),
('tg8hkcuq8geuq2e9ezycrz6qup5h00fm', 'e30:1pRU0A:aVB7PrDjIM0uHU8xyncTSF3-zPXbXhf-3JeYbhq6unM', '2023-02-27 08:15:54.058742'),
('tgd9h8e2o70k8zlfca9ewjwruynwdets', 'e30:1pYwJr:DR-kwdGfZgwCR5M6n0oZzQPXjxza3I19AWVs2BMhv5Y', '2023-03-19 21:55:03.556589'),
('th8l3libolbjged5yumyhc79tdm9u3ue', 'e30:1pU2rW:2lBNVUZUSW6mBERMeeGnBUHEEgaQuoox0TUmtLy2O6s', '2023-03-06 09:53:34.168123'),
('thn3z3w491xrd6jya0jqhuolnfypxovu', 'e30:1pNrLz:cUTPL8k2d-YdDmvQZtw4zcDM_j352KZ2XvAs-hcI3PY', '2023-02-17 08:23:27.553154'),
('tl3ldcingr0jdlhkpqmz3uzcr7yfvg5i', 'e30:1ow28I:iTkTyOBsWN_cqVLxTg9rLvBrhWPtVQqsNRCL1xBM6uM', '2022-12-02 14:14:18.060586'),
('tl8bru68jqj4o55qrdmf061fdgt6735k', 'e30:1pCMAU:M_Qqo-7shE1xgYElWqpPUdSSI1ZHRwCHJ17--nzUdMs', '2023-01-16 14:52:02.150874'),
('tmm17sh638oq4jple8zz39emij4lvxrt', 'e30:1pRgd1:G89q-WXyBxf4c9PiHsbmGSkXdRjOxV80s-PEsg2xUlE', '2023-02-27 21:44:51.639505'),
('tn15xur5ysvrb12nxqvg3ezu7ec5ksox', 'e30:1pQzmp:YDaKNDoBSNsPyHYKL488Y0JhHIH6C0ulWIA3XOTfXAs', '2023-02-26 00:00:07.662599'),
('tnnn0r7qive8ijuci9m2k98fgtbczzlx', 'e30:1pRJeL:f-DKaBDgYmER8YuAc1Wr-er07U4_zpjXibd-qH4LAt8', '2023-02-26 21:12:41.396394'),
('tnnn11wpg7z6matsot77jv4cow3nuljs', 'e30:1paVy0:jhrejd3h_pX1dDVoS83KmOcOvuCf1qYQd-1bgjtf4W4', '2023-03-24 06:11:00.270721'),
('tnqgoriz4y30and9qvez6v1iyjhn4chz', 'e30:1pLemJ:bUPf6uIMl1QI2Nv5b855gEvkt_5QEF0wCOOk0kAqi4o', '2023-02-11 06:33:31.279904'),
('tntzue838kkdjws85c3ig3ei98nkq0ea', 'e30:1pPIwB:6277QaJoHTVCxsAswFLe7SDk2q7m2pY_eUkQ1BF9220', '2023-02-21 08:02:47.339509'),
('toaxz7fxik48xgzk3c5oi6591r6cooqn', 'e30:1pYBn2:OI2WNrZm_jKCdUcW-r1PHuSfBYw3ndrpZbG5uEkp3PE', '2023-03-17 20:14:04.977237'),
('toy64xxed30emlbhx4m0oa07l6fqy5yd', 'e30:1pSmKQ:Zvf9CVreWtfr3UeCOGtdAyamXU1ZN-Ne-iNmYAsgp2U', '2023-03-02 22:02:10.716700'),
('tp5kv13531fp5nq0k89lw3z2zjfc1517', 'e30:1pbz56:uV29gcTJXFf5YnxsOoYEYQ4VlsUQ8sDli7VsSZASM80', '2023-03-28 07:28:24.573429'),
('tqmm2ynqvud4jsxxddufurfx99x5t0u4', 'e30:1p5gZJ:Wi7V_mZaMeV_YuGm-bXglKMo0BOlKu9HrOyamkt5JRE', '2022-12-29 05:14:05.246642'),
('tqyn7faznghrdz9abkzqdtszykmh4pjn', 'e30:1pRDoH:KJcf8-IMumE6glt4MF-5e6MrcqmiLBxB5cauPxeTDCs', '2023-02-26 14:58:33.194310'),
('tr4qdbzctgcuv596w8t5km9ewy4qou2d', 'e30:1pP5lp:0LJvdrAQN2UBfoT7Lb35ktg0tRoKyOmIj-pvMuunK5w', '2023-02-20 17:59:13.396187'),
('ts2oxhvp36x859n0dzjes2wo7pimhweh', 'e30:1pZrEu:mKuHk9kT_ZX3gV3nNag6lyTKtAFM0b5L7kQwscM5yh4', '2023-03-22 10:41:44.125902'),
('tub8vg8ovf9jsnrwnjmat69zz8xfouu7', '.eJxVjDsOAiEUAO9CbQiPP5b2e4YN7wGyaiDZT2W8uyHZQtuZybzZHI-9zseW13lJ7MqAXX4ZRnrmNkR6xHbvnHrb1wX5SPhpNz71lF-3s_0b1LjVsfUxgLZRo0cnbUlIKEALi2AyYKFicnCojEQZgILAkIC0d1oVAuXZ5wvknDfI:1pBtkd:7_XgetzFN0xpyr2h_-Jdnq_MC8q2vCeaIir_xxEHrEE', '2023-01-15 08:31:27.989695'),
('tui2nnngeo0fimxffn0djpv2ar3z5xw0', 'e30:1pR6L6:DBuP7uCP7Bqar159dPwvANMOUPFO_YHud1vtI1AY7bk', '2023-02-26 06:59:56.478449'),
('tul1ca281kgpkw7rig9l00mzq7j99kuf', 'e30:1pV4is:0-78NSqTeQWzbsAZ5IJtsg-rgYVfsGxoHYtmebPjwww', '2023-03-09 06:04:54.261880'),
('twbjs5rji0yqj8sp9qruhy5ijtgckcp1', 'e30:1pd6Gu:ue-rq4cY-I2o5Ci6lzM--0lxRItEaZhCM1SWrlPf9_o', '2023-03-31 09:21:12.131910'),
('u75f5s3nfzzrc7j3d27vcqp1an7g53uy', 'e30:1pMo9e:W5Ytu3_2JXcE9Dv1P1w9QIhfKgjy2SsisrPmxwD40qc', '2023-02-14 10:46:22.169528'),
('u7fv1jnhw90eqwwdz7s0etf8ekak9ob7', 'e30:1pUMgT:vJkjFTj6SmS8l_nkvFGqSPFmA0z3Eg167eYKzW6mTnc', '2023-03-07 07:03:29.121472'),
('u7z0qze6zjotfhc4q3nwr3o2bk2gy8iu', 'e30:1paUOy:gNZs0nGB4-u5P-0obAdfAE1DFMdRIdusjeP5bfO_OZE', '2023-03-24 04:30:44.849850'),
('u96rbswc4pz7r29u1pb1833cilo1jxv2', 'e30:1pU2rV:w9TR4cn01YrYLsBzWr9ucS_Ry1Iq9wUqtRuKsT8fPfg', '2023-03-06 09:53:33.243737'),
('u9eblp1kzglzyoqcwrfl9t78hxh3ysmf', 'e30:1pQnHf:D_eQ-6Pj7r_ckfrpUI8xuay14xIAt-FUj28G_Vgr0N4', '2023-02-25 10:39:07.836735'),
('ua6vdgtlw08s34gwtpsp1gsk0i8fe7f2', 'e30:1pDTlp:pWia0PxkQAt8g0YNI9M-Z6lavCzVWnLivxT_6-GgBVw', '2023-01-19 17:11:13.466005'),
('uaoy9iwv10dt4ifgldtxhh0gpgkics7z', 'e30:1pSmIk:ycJdrYKXohi4KQJj-UDQFiagoJJ-7quHvbbNGHCgHFw', '2023-03-02 22:00:26.799596'),
('uc1m6yjexsevoujmdar8nlbj35vxbta2', 'e30:1pSBU4:M_42tX3CWebUbAKd6pfkQiYVO7suUsAtraOhpSYsoXw', '2023-03-01 06:41:40.988818'),
('uc4ueoc318dr16iqtha08n3t5pljpdfg', 'e30:1pPex3:UvFvg4THobGjVg9bFva9caoR_sl6UMTie2D3dVSaMfw', '2023-02-22 07:33:09.329171'),
('ucjarug7pxh855rd3wz1lsegf6my7o3w', 'e30:1pZrXw:9M72ocFGYzWRoWEbvbu8gy9b0alkNgpd302zeVREdHg', '2023-03-22 11:01:24.371903'),
('ueqaklvlfvrai1dn5rhjmh6inwktik00', 'e30:1pZh7q:etBIGazdDqMlD9-hXJkilqKLzAfZA_m0djdXWXLfhB8', '2023-03-21 23:53:46.732745'),
('uhj4ugkdav1awifsluk1z3j24f0a7jq7', 'e30:1pQYtE:Pv62UxzS9CnmYQ4CE-KnGRyq8O52IQohXxTQGpiVFd0', '2023-02-24 19:16:56.524900'),
('ui7yhreh4e5qdnfkht0dpx0ezv1rf81r', 'e30:1pY1hR:7K1y7pmWbP5DQYE4XOroqRHXQgvFliB74n2F4sujyhk', '2023-03-17 09:27:37.598214'),
('uiaeas4939gups5ime7y6i1wv5n0n3j9', 'e30:1pcFnz:gh00x2456JWwXhdXFXDaC3Tq9bwSwhg3eK4udMUPgkQ', '2023-03-29 01:19:51.885608'),
('uiucdn7bju0qa5idml3zzh27r6lcw204', 'e30:1pEgXp:lWSstfuSNCW9zZXly0oWv6gUnv6Rve1c5p08vG-6u_Y', '2023-01-23 01:01:45.577192'),
('uj7vyeucv9otoqac5xz0orzh3hepnxm3', 'e30:1pOo3O:PkPTZnzj_hpeKeliGKTFKsWt1_Zhu-oFoyah9mAmrYY', '2023-02-19 23:04:10.587009'),
('ujdbh7p7zw35stn6udfyd63cvjb13ikq', 'e30:1paRWM:SdvJ_q5LFtEgfKMpG-HJHJhWUbPQ9v0Y-0cvo-CjJDQ', '2023-03-24 01:26:10.361894'),
('ukofqogl7megmjxvkkqkre7kv5fgcmrw', 'YjMyODg0NWEwNzlmNmEwMmY5ZjBhMzNmNTk2NDk3NjFhY2E3ODYzMTp7Il9hdXRoX3VzZXJfaWQiOiIxIiwiX2F1dGhfdXNlcl9iYWNrZW5kIjoiZGphbmdvLmNvbnRyaWIuYXV0aC5iYWNrZW5kcy5Nb2RlbEJhY2tlbmQiLCJfYXV0aF91c2VyX2hhc2giOiJhYTQ3NzE2ZTM2MjE4ZGE2ZmUzYmI3MGE1YWQ4MmY5YWZmZDQ1NmY2In0=', '2022-11-25 06:32:36.869887');
INSERT INTO `django_session` (`session_key`, `session_data`, `expire_date`) VALUES
('ultt7kuvdhmvgmll0rahff7n28cyxkgz', 'e30:1pXfqF:uUsijZHg8YBSppgK1ugCIdrsOcRykXMSE8V_oR0S3Wk', '2023-03-16 10:07:15.249413'),
('ulzh4cxqu6ymxfgn7wdjefm6k8023yhj', 'e30:1pSzeM:aP_DOFTr4lIQgSGhxK1SNPP9y2kRLTtATjHEiEtk-iw', '2023-03-03 12:15:38.665338'),
('un47oufhgfc5olpcaqnokwh9ydrg38h7', 'e30:1pOzGE:tsy2cK7b3yPrMKfYqf2zNEtTnGZrAatSAT41qYpesKg', '2023-02-20 11:02:10.090501'),
('unq5mfo40o608rxgidz40m5p9bxsyggl', 'e30:1pZrKQ:T4n1aU5vWAUuiqNfcdlMB7Qn4u0FG3B9saTkwwTLtio', '2023-03-22 10:47:26.319343'),
('uo58g25yjtv47arnxn9z558y3bs7f5wo', 'e30:1pPP71:CAKf4p4_ZPmVHMYg8Zl7r4MOhuTczfsLDcri_hwQ_EU', '2023-02-21 14:38:23.488746'),
('uqky16iwnichh77591ou2mgiqmyvcrlc', 'e30:1pRlFh:YampZ-Cp6Fbq_--GxO04Jc1BjotOI0R0Qeu8RlK0qa0', '2023-02-28 02:41:05.944752'),
('urgqnmkkmjw7z4qvmoze4yo5hsfw190z', 'e30:1pPaVR:I0-tgEs_TUZVKxiW0VLbVtNpAEzuWdBt-C2KfzB_Yw4', '2023-02-22 02:48:21.701744'),
('uuxfmdg4ubwljcl37cs17sbe07odtasa', 'e30:1pR6Kl:FgXllJtsIlIDa1ixiG7dA9SF2WPXdqGLe7nQBQq5zcY', '2023-02-26 06:59:35.409249'),
('uvc8vlqar8yuz8g1obrrrfd1shl3cyjr', 'e30:1pXRZ1:MzCE3AbSS2RgatxLdhj7hFEhvjlSiba6jMVm6p3jvzk', '2023-03-15 18:52:31.972532'),
('ux9edyhdbdp19wg744ow0drjfi7c3wl8', 'e30:1pctHJ:ZUeLdtjy8aooVwesAg0C-mokg4PgIeI7YYRZlIF-tFc', '2023-03-30 19:28:45.050258'),
('uymls6451eah3jwlb07jn4qjbr1f6t17', 'e30:1pRLA5:5bjoA-_lcUWh_VTpK73Rg4jNDyVgOoT_mQ9t-HtkX0k', '2023-02-26 22:49:33.080101'),
('uzpzk1pmw7igey2496bhs7b1iyz7vlc8', 'e30:1pSmIk:ycJdrYKXohi4KQJj-UDQFiagoJJ-7quHvbbNGHCgHFw', '2023-03-02 22:00:26.797877'),
('v1ffs60gbdbhizoey3zkv2ahtnjc5ukj', 'e30:1pBKUg:-VYsIk2be7FR-5z1ghUguiiGimohX5Hm06jeUW2hIZs', '2023-01-13 18:52:38.971517'),
('v35xo8afgj82cnpb91t2y76qg8tvevwf', 'e30:1pQyR5:HYW8tSprTafYwv7BtvCQuwFAi7a8rF7auacyQyA5pqw', '2023-02-25 22:33:35.840855'),
('v4stpqxa53p6r0pj7jxzpxdd5vzbumpw', 'e30:1pQyFa:S0kXH_kzTkGYaEoEXTVm0HkI9I0AKawLpI6ViuMwqhg', '2023-02-25 22:21:42.566673'),
('v5o1unayjrw0kyhmrtixalfkpmbs34a2', 'e30:1pPTHI:3uRHY5mGluFv_YKLUnHjcQ8Ka3cwxvP5COb-x-5rWLs', '2023-02-21 19:05:16.380353'),
('v7lfdfwfkb1zhwvv9x9jnqf0wqtql8dn', 'ODUyZGNjYzhmOWNkMmNkZmNhMDA2NDkzZWQzNDZmOGRhZWM4NzI3NTp7Il9hdXRoX3VzZXJfaWQiOiIxIiwiX2F1dGhfdXNlcl9iYWNrZW5kIjoiZGphbmdvLmNvbnRyaWIuYXV0aC5iYWNrZW5kcy5Nb2RlbEJhY2tlbmQiLCJfYXV0aF91c2VyX2hhc2giOiI2NzhkYTdmZTdkNDAxOThhMWY1YTQ2NDQ4ZGQ0MTVkMGRlNWUzYTAwIn0=', '2023-01-13 16:58:01.598713'),
('v7ncsbebtw3i77ojod7vo63qmdp5m7a6', 'e30:1pPeVh:LylRwU-NSjhfGOytrI0pLdg3wgU9nAhBSYVlZFScw6M', '2023-02-22 07:04:53.088719'),
('v85dm80n8sqnj76g713jr8ijxhxbas53', 'e30:1otwbM:NP9LV9_hi5UqD8_W5pywHQ0Y4c9mAVeEWdL0rbQ6TVA', '2022-11-26 19:55:40.619206'),
('vbtrra4lhvpop1a47co3cguur5vdr81r', 'e30:1pMxSY:JyuMt5yNfVY790IHDONuv8uF5Cox6RixPd16XorlPeI', '2023-02-14 20:42:30.277653'),
('vdwsnzln513x9woszos994q7bl1u5033', 'e30:1pRqOv:FsZ5ZAyM-oad7M3e5hdkzv4x4Xr_oz-pUA2LQb4S0B0', '2023-02-28 08:10:57.017791'),
('vdylt863e9xkel30w17fc7aww118fofk', 'e30:1pS37y:7xkgUMJjz0vwbgncH7LhKKRKO9X6U1HfqXLBmUUIq84', '2023-02-28 21:46:18.002011'),
('vhul9oaa7ju40utx49ov8u3cih0hrpg1', 'e30:1pWjX2:GiiRkKIahZk_VoUYYunXhKRBFaBk1x8n-BOMYijHn5s', '2023-03-13 19:51:32.439074'),
('vmtnyqxq41gszst5p1wkk10g7i7sxh72', '.eJxVjMsOwiAQRf-FtSEQHgMu3fsNZIYBqRqalHZl_Hdt0oVu7znnvkTCbW1pG2VJE4uzMOL0uxHmR-k74Dv22yzz3NdlIrkr8qBDXmcuz8vh_h00HO1bVxuKgVrJWh00Wherz7oCG0McIqEiFVkxGQfVKxUjoPNAzoCPmpx4fwDphTeI:1pBtUf:oz5-wZkayUC1UhHrrVS8bxXn61flw-t55umNYvPqRXs', '2023-01-15 08:14:57.752761'),
('vod39ucv2wp53cw0jrdcz9hp047sjxio', 'e30:1pXDjv:KiDm7pKOcuvoL-7oBjCtYg1r89Lk3W-vHrIUl6kUu80', '2023-03-15 04:06:51.814299'),
('vq6it5j5v7myldznk7aezecaiinrj1ar', 'e30:1pYCUO:3y1hsu83DfHPdCuexLMbfqVPOvP1PnP1VVTvgnOyNM0', '2023-03-17 20:58:52.288614'),
('vqal4ig4fzchsbkjdnibtw6brgr02lxf', 'e30:1pXzpR:_AbuBfI0HFfUpYNCUB7bVgSPTD_V0I-I7hDCeDx9Ass', '2023-03-17 07:27:45.545151'),
('vqb3daj8o7o56cm4j4j5wbswcjbshsdy', 'e30:1pcuJP:gjgFmfs0L7gXFOa0693SFOLbqfUUJoPBSMz8oT6nOOw', '2023-03-30 20:34:59.602265'),
('vrx42m640qhzbe97ccg2mc9jn5ccuuiu', 'e30:1pRcaw:yTxlWED58fWB1X3941qglum8c0txUyfAtKjyAvzxuKM', '2023-02-27 17:26:26.970023'),
('vs9s2ivsfp3o1lb2iuhk87md7ohphs1p', 'e30:1pOFm1:-0INGBX3efhBcEFOKWYKWyjvc8qRFWq_P2p0rrl1pNE', '2023-02-18 10:27:57.132469'),
('vsbxqupi5yqz5s2yckp0lsx2b3oud5z9', 'e30:1pQgnn:6HtnRZndLBZp389SmpX-Rxzua_s2Fj1A-agnUUrcEzI', '2023-02-25 03:43:51.545483'),
('vtaul7xo2twfwv73q7z50e8snox6rv4z', 'e30:1pPex3:UvFvg4THobGjVg9bFva9caoR_sl6UMTie2D3dVSaMfw', '2023-02-22 07:33:09.008979'),
('vvwq0favuwpb1cr5zjq4r43rftst6p8q', 'e30:1pSLEa:Sa37bzNPFBF1UgSXYdhFFJ9dUnNvu7XPWglfw-hXjjY', '2023-03-01 17:06:20.522374'),
('vyv19tmrd9ru9mdbxdos128ioz3e7e6e', 'e30:1pR37a:eyUZio7c3B91fhHquvaxyQql0M8Nz-z4YdwZml0TyxU', '2023-02-26 03:33:46.560038'),
('w06ahv2d422vcexwrtoe83dvsxj9mc3z', 'e30:1pXiHw:md1SwVsTttSSdsoYoM7cIRrQRANjELJU6u_WkaZ1uKQ', '2023-03-16 12:44:00.136839'),
('w4yxr8vztds3hx9ou3mvncu0k9keirkm', 'e30:1pRltX:BmygK10nUvXhXZOLNZ8js8lu8EIP6tC25ggTOFLP8tQ', '2023-02-28 03:22:15.464555'),
('w5nv77i63lalg9wq0w5or4xpedchjl3z', 'e30:1pRq1F:wjeOJSezi54MH_iGfN_PET4wfZdW4heYTpZnKpZiIoE', '2023-02-28 07:46:29.332440'),
('w68qs2htub3atlzzz8yz74c21gas9imt', 'e30:1pRx2e:x4SOEs4tPaGfLoyDAlhGIeLu5fi52kVSLF3a-Ym6qf0', '2023-02-28 15:16:24.563139'),
('w6ea9o3qe5hseajm6xjb4n4mxazcey84', 'e30:1pNXvM:5n2-mctWH9Zwr0_qLPwanQjBxR9PXyZwkMLY_CI1CME', '2023-02-16 11:38:40.802157'),
('w9rpelafvacpuzrvapewy3yupncuobzz', 'e30:1pWbHs:Ll-uaTO8nJFf4WcWPIZ35Tgno3WaFn-OP2JvJjApXbo', '2023-03-13 11:03:20.791448'),
('wamowlwly7bs2qi9p68pwpxxhpsrnyoj', 'e30:1pPdTn:rH2zIv-f-pIQnkE8N2Qs8p-LgPMpSJ4tGsjJXn6VsVg', '2023-02-22 05:58:51.781210'),
('wc72clcdm5ce3yhhd5pamh9b59l8tfkf', 'e30:1pG4ZN:_cNkjq3Ucu8aqPAkm8NIvnP-9J25zZnhNUWyQ7bCcdQ', '2023-01-26 20:53:05.180049'),
('wcdul5k2vdmffcuswqkpyomkgwp9cz6f', 'eyJ1aWQiOiIxIn0:1pQmha:sVnVOGlyPC_PngXNdm_8BDZMldE8XBFzKhORr97W_nE', '2023-02-25 10:01:50.521280'),
('wcv9qpsjnyc6iuflxgfkf41ap1zea1sf', 'e30:1pPnAh:TRRXOJkzT8Q5GZeK5rUeK0lTkCByGwCs47MZFHcKQ1s', '2023-02-22 16:19:47.206297'),
('wdt5fevzu0oyv25nmd0xtmh0ww7emta4', 'e30:1pDjrO:M7COssOdHLlMSygMUhV1W1VEU7VSVF9nBN-b-h1xGoE', '2023-01-20 10:22:02.704462'),
('werwuscxlecq7h3kmlkj681r87qi4apl', 'e30:1pWv2I:s3MXC1kBIVXxkR3uB2dOd6P4BwyHeKRMZqyoSUq0mv4', '2023-03-14 08:08:34.769293'),
('wfsx4mm3tv4aalwble7qpskjbaq5naji', 'e30:1pQ7Mb:LDx0I8aHzDKHde8SJNaWeVmrQMh7il1a4_rjYCQJn7U', '2023-02-23 13:53:25.217580'),
('wg61ajskc58sab8vywb00slykt15gso2', 'e30:1pS7DR:7Gz6Q1shUqciUsaEkGURASEmO8-J2kv6apgwCAkXWmg', '2023-03-01 02:08:13.772468'),
('wlaywdgigafx648isfez9ii47s6d35ye', 'e30:1pSAts:gqjImsI9HdNmk-02knII9fkDEbQOppjSywSXeK-B5O0', '2023-03-01 06:04:16.662276'),
('wrb6yjdktzpauibj4yexc7san3xpj6gl', 'e30:1pcuJP:gjgFmfs0L7gXFOa0693SFOLbqfUUJoPBSMz8oT6nOOw', '2023-03-30 20:34:59.604435'),
('wrwlkigsjmn24i5gq4nawtjzpbo04zfv', 'e30:1pZmAx:RisiJBI6GqyrBZTe-bh3WD4HhIzVdDV34Rc5DYeAU6Y', '2023-03-22 05:17:19.408287'),
('wufekcr204utx8fz99vunlpgk6h7yq3r', 'e30:1pcuJT:SM7Sc0tH20-y9MCBbKQOlShdHGt1QmmONdqUMriG6ko', '2023-03-30 20:35:03.162300'),
('wvlzpjgmqavwyoullkm350exz2y42uii', 'e30:1pRzJx:-yuSdOVT3yeqRzjexZ0ISoMaws_2_ER2nymjjnL1f7I', '2023-02-28 17:42:25.721707'),
('wy2anfr0ij79ggxtygchbwhfiq281n89', 'e30:1pTCnE:CXQ-e0HcgsGoqI2GoB1sf6r6qIPKW3lC33z396uQl04', '2023-03-04 02:17:40.379005'),
('wzp2zju1asu54c06n85mvmu6s3ydf3kc', 'e30:1paB0T:vP6uxqNJCHM-DjwDhr0MjCX_onCkrLCTH5CeWe_sp1A', '2023-03-23 07:48:09.806327'),
('x0cpvc2bsaxm0p0y5wee0rruueyqs9aq', 'e30:1pRTIS:6acBrjkU1wA28oKWreTbZBctA8NTYCtKqpkzp24yrJM', '2023-02-27 07:30:44.550654'),
('x2d9diga180fzhl07n8rvw42ba0eqmkw', 'e30:1pLz0f:s6v6qgdJyPnbl_HhpV3Qy263Ec-e0qE7WLuGAvzZkD4', '2023-02-12 04:09:41.675550'),
('x3kch4x8ql85of1d85ob76jrbrfx54cs', 'e30:1pUJjO:Dvh0h_07iSKfFz55h-cFLKzuvI5r8Mkt8u6EmHbjc58', '2023-03-07 03:54:18.603921'),
('x4tpxjo3i7qnj2rbs7bxrv1gz7rjg8m7', 'e30:1pRDeA:IOwuAlMFjns4XLw0RW57pTKQFhexfNXPrQBdZQKWmxE', '2023-02-26 14:48:06.855922'),
('x55wnebwmxzamf71ie6hh6dajdxczbe5', 'e30:1pCdkC:Vofxd7Sr4xccidowtM3YJPBcFszVp_w8ZyYaFOgTfbU', '2023-01-17 09:38:04.656608'),
('xa15721751nd8q7iu5ig3xwzk174fdfa', 'e30:1pRXOA:LVaKnpTrD0dwNyAfcUEAQOnCzMmgbnTkFGS3f3ksH6Y', '2023-02-27 11:52:54.734209'),
('xbanyjfvt1pfp8lzsw3x533lpbn6agoq', 'e30:1pNreu:QiNYm9INWNRYvWW_yn5ZfPD1VovqYxyEVTszl8O9nAs', '2023-02-17 08:43:00.597636'),
('xcx6pz097d2qvdi01lryasjg05b2r9sw', 'e30:1pRur4:ZlTMc4I2fVwqm1Yfu8_Gpbs8hjBF5sItGogjsd-vfzY', '2023-02-28 12:56:18.344583'),
('xdte3a0p1fjograu25nbnfy06c0tcmnh', 'e30:1pQyFK:3-GJuzd13zm-Vz5mpReUpT4m5ddHxcJwMMYcwm8k3Yg', '2023-02-25 22:21:26.632108'),
('xg1zhxride8xb6si9tv9dnz9e4ly95i4', 'e30:1pRXS6:tVMkTeU1WjBC9hp4fTT72yRy2AqDw9a0tMUGAEBUulQ', '2023-02-27 11:56:58.131344'),
('xgdk7imygw274hz6232zmkuorwv09783', '.eJxVjDsOAiEUAO9CbQiPP5b2e4YN7wGyaiDZT2W8uyHZQtuZybzZHI-9zseW13lJ7MqAXX4ZRnrmNkR6xHbvnHrb1wX5SPhpNz71lF-3s_0b1LjVsfUxgLZRo0cnbUlIKEALi2AyYKFicnCojEQZgILAkIC0d1oVAuXZ5wvknDfI:1pIlhp:xZJPz_BtwJZAnSDT50AyBXKOivhr7o_1QTNUZ2C_0z8', '2023-02-03 07:20:57.306676'),
('xj1saphlb9kwc4qirpdpg7ut4jrr3dku', 'e30:1pZuur:eb28MfGxf0bDMsazXiG4XknSXmiIin7appcwN1ppwew', '2023-03-22 14:37:17.398288'),
('xjmkuaqjupbbn6zammk5akyswqwqrnlz', 'e30:1pYXfZ:CpTXcik6GGytCbRt7VtsiycfA24hJEkfDHW1RhgM-q8', '2023-03-18 19:35:49.086693'),
('xlq0hym85ivq8psn98kq9e5v6kutfw21', 'e30:1pRPST:HWrLRPHlcwsZbLtmHcNZ8xmQHeQi4si5R_HYdsO-1SA', '2023-02-27 03:24:49.755572'),
('xlsj0hmd87gr7tgc37er9dslw1eih5wo', 'e30:1pWRLJ:uTXD1UB6ykJD63M0vH2CgJPK_K226dFeO97jv5u7m4A', '2023-03-13 00:26:13.682260'),
('xnlqg17oai8opr7gzz6twomujkax92gm', 'e30:1pRYRB:1KuCfHhXurfWC_tT8KixDTzCJ3NKNOu4V7JBziX2phM', '2023-02-27 13:00:05.700061'),
('xosbpe4xf6mmwfvrclcwtz33nvyv244g', 'e30:1pRbae:ZdbOO9CeBLNx50JGVsAPzr89hpmqj09OWe3YcRN9ILg', '2023-02-27 16:22:04.024126'),
('xqchkogiuc8u48m7iuq8h7sv61lod3kh', 'e30:1pSmK3:8CK48CFLe0SamZmYEu8FJwZ3RbAt2kilmbSaO61M-BQ', '2023-03-02 22:01:47.652730'),
('xro9xtf3zwhym4yuvqs11ox2gi4qrs81', 'e30:1pPK87:f1kcsfYo2DKZb_syzlOEN-zHvBqve4SzhzIaYAanzVA', '2023-02-21 09:19:11.450216'),
('xu7kx67p28lbjtodqr4wbs2itg836dzv', 'e30:1pZbJs:npD0qwan2UKrBM8jiJOz2_5A8yRXCQh3F5Lyw0koiLY', '2023-03-21 17:41:48.333414'),
('xujok0fj0grwso0facdbmr31t57y81n2', '.eJxVjMsOwiAQRf-FtSEQHgMu3fsNZIYBqRqalHZl_Hdt0oVu7znnvkTCbW1pG2VJE4uzMOL0uxHmR-k74Dv22yzz3NdlIrkr8qBDXmcuz8vh_h00HO1bVxuKgVrJWh00Wherz7oCG0McIqEiFVkxGQfVKxUjoPNAzoCPmpx4fwDphTeI:1pBYOy:6IqATx5tXp-u4i-2ZAYKqbYJYw9PwM1Y1RzNvoXlnik', '2023-01-14 09:43:40.846321'),
('xv91k10jf9795nk0l9fl2mer7vu0lgvx', 'e30:1pR36r:MKBheU8kYDg8MSikNg60-EJL313vSntApv90lPi6QYo', '2023-02-26 03:33:01.024399'),
('xx2ub2924rquaimb17wdhn66ny2vi06p', 'e30:1pQyGh:D9698AHoeoFboxiHcc6fk-PzAahFNR212nHXRoY7r3k', '2023-02-25 22:22:51.886367'),
('xz6ap33vgziryab4ahz6azsbwso15l4f', 'e30:1pTylS:mZGGHIk-6ZvPPGLhrqgolFI5py-8KvcaPgvc_Ahk3fQ', '2023-03-06 05:31:02.583911'),
('y11g8e5ahtnti9akc4r0mzl0bwly8veo', 'e30:1pSmKQ:Zvf9CVreWtfr3UeCOGtdAyamXU1ZN-Ne-iNmYAsgp2U', '2023-03-02 22:02:10.242066'),
('y9ya7ps77mc5rataw8397ivzjoft6q83', 'e30:1pRsVY:3ruWvd-Zi8ke0rXUo6CQ32gvnVQ7BLePnzL10JjZm_c', '2023-02-28 10:25:56.787695'),
('yd3oavrr2azly61v61k7litimlt1tcht', 'e30:1pSEj0:GYaRzqJ7NGYRCX-GnPkjp_42oQrwmAHlWniVUpriCfk', '2023-03-01 10:09:18.751047'),
('yeqhny5a34rys2rvldcgt5vmjwezj9by', 'e30:1pPb9g:OjjI9m91B1HlGVdquHVEus1Oiy6rLjf9ZUgMQJKoVOc', '2023-02-22 03:29:56.935142'),
('yf5t7x2iapf9p1iwu1vky7nfhb3i9uml', 'e30:1pTgOe:Jtyd9mL7LJUybz_bJzAi-lnYMnyoR9cHsjynbRp0am8', '2023-03-05 09:54:16.473464'),
('yh9t4xzcqmq5qbxsieqjt0o20xo7w4o1', 'e30:1pREZQ:Oc8qbYdvOMRnX5ckjKe1OgldQ3260KpUHHyUcGlm2mg', '2023-02-26 15:47:16.427443'),
('yhg9gdj54rhhv4dqty79f4b5l08ucdpi', 'e30:1pPQFm:uhImL0JLUfh8sfzme43JOfhdenJVk047LDSWfVbCSfY', '2023-02-21 15:51:30.686353'),
('yi5qvyrjlfrs1n4tbyp3dhn05yyyeu75', 'e30:1pS2Fb:RW0dm3SXf206_KXTg0QdqfHLLd-B2ZKG2s-9oA2Jjkk', '2023-02-28 20:50:07.393680'),
('yk6pdd7fl81psdac5x5p86mabp7e14yr', 'e30:1p1OHW:a2miryMUF3FYBuyzCyqWRF9chvmxozbn1_uuMCZJp6M', '2022-12-17 08:53:58.866577'),
('ykkzrcohafpfvtfspufxkrywi52ye15f', 'e30:1pRKi9:Xa0Lf2AUx0O4Tb-slsMNx9P6gkAAY3gvJBtCrwctf4M', '2023-02-26 22:20:41.836853'),
('yl263ttwp5isik9qbr2crzwaasbx3y6h', 'e30:1pLi1Q:hvpwD8NiJi-fTH8q0XwBQygi6AbUGvpLh_caWt0eMYA', '2023-02-11 10:01:20.494628'),
('ylxryy3ivkq8idkjf80w8ejfpavahp7g', 'e30:1pZsMw:JO3maQTSM_cfPnhbvGBW2TX12dQXNCs1luWDtPVUs8U', '2023-03-22 11:54:06.730948'),
('yn4yx1m6samb2soxnbyjpa65kmpdkoyd', 'e30:1pLLK6:juRB90B5TZcxYkyM325Itx5NXvhkctPIVRCVrB1KDZM', '2023-02-10 09:47:06.605149'),
('ypxd0attdjdvl80err6uknqjmafptrk3', 'e30:1pVIWQ:F2Avb7muE0Ja-K5qBRc7Z5-zKQ5o-kKF1St56AQl8aI', '2023-03-09 20:48:58.621321'),
('yr9w4mt7pi7out46i835xjatqkhl4tpq', 'e30:1pclN7:c8bo6z5Nh0VVUHmqu19GXvUWH3zeIK2iFfSBFLhtnFI', '2023-03-30 11:02:13.623985'),
('ysz1l7waw07rbp6za4m97h7ryi0v8hdh', 'e30:1otzEj:VKx7Mvt_Ps4OphbEOzB7iXy-yj1FcjP4NDPMViOAb8k', '2022-11-26 22:44:29.775180'),
('yvhvgi1fm9a5ufu4mq780swxmjizzwlc', 'e30:1pPaXV:7MiHUOw0F7vg67Og0S9yMNkWMojmgO0hym0ngkjvLQI', '2023-02-22 02:50:29.111371'),
('ywyf7b9t2p2bqztnjr8ht0aww95mi4sz', 'e30:1pF9qb:dpQqYbvI0Hrn1m1yjR5DvfEPD5n7uf8XmsHMu9A0eTI', '2023-01-24 08:19:05.645940'),
('z140efg89tgosa5mnrc58pdjh6uw30py', 'e30:1pRozQ:GVTP67fCpZI5Un7KJGC9peBw-eWBm0y3gX8qacb5Iw8', '2023-02-28 06:40:32.454690'),
('z1pp3x3ltre72gama8859xfyz4xmu6yw', 'e30:1pSWLW:mTEjgJbos_rgx5VHMhCvjfwdZXH3X6gwuvVqk1Rp6IA', '2023-03-02 04:58:14.349285'),
('z1qdk9g5upyibrklynwzvd8hc2numoob', 'e30:1pE2JO:01_PHmMbyFULWE8YEuK9FME-jxm7XKrlj38unF1ggu8', '2023-01-21 06:04:10.257510'),
('z3k7z2vgbro9kt6go7wr8t5joqoek3y9', 'e30:1pTgGT:tYlcZ8peaU4ZcJZUi_Nuarnj5qHm22BI5LjkGTEd3T8', '2023-03-05 09:45:49.164245'),
('z5zjoio35f74ndoedxo5mdjo4lm0s1ci', 'e30:1pUMby:pb_V5a7zB1UMp5aypaZfD4nDx4ssQ_BpISWHKX3W2MU', '2023-03-07 06:58:50.703325'),
('z648p7g1eulit1axc929kdv5j69iu5y4', 'e30:1pOjnf:_FX_COVSKXnxuYUG5sEcXmIrAp4fP9HAFPtD6n0qtzc', '2023-02-19 18:31:39.284016'),
('z6hra3zsl0csowrk2vov8i26de1o4zi1', 'e30:1pPsdk:ZhB46RQkCdfUAzHKJLQtAc236wcSTupFoe8kZ1Xhu9w', '2023-02-22 22:10:08.620686'),
('z7sa4jbjw3hcbteaxmyw92qnjlq8d8er', 'e30:1pRX6O:sxKp32jDl29g6S2mtxWPFIvZn8Ssf6bCQp1bEBcfUdI', '2023-02-27 11:34:32.034768'),
('z8l08mga00ji2d0bd9pc4fyo83o6fydy', 'e30:1pSKQL:XwQstCqP9FeExEFmK1S0VZt0CYYm-4mW3Mho43PwPWo', '2023-03-01 16:14:25.155316'),
('ze2pycx4727b0spo4alxfzwntk1fomk8', 'e30:1pR6Lj:pIOv8w0O2CIQIxeyE9h1e5NE_25h5U5S1GSDo_n6JTk', '2023-02-26 07:00:35.396441'),
('zes9n984sfno59un6dntyzhc7a3vitfm', 'e30:1pS7LY:NLNf18aPSL1KmaJ_3qAPI8rdVCbTOZ7lFR0HVN3pcDE', '2023-03-01 02:16:36.372642'),
('zg7g6elq8t82m89582gbwjsh02hc5ixk', 'e30:1pRlD1:WrFLxfPiIoZGqdL-OmiMaJlugm_o18qXcueOpgKoHoo', '2023-02-28 02:38:19.220450'),
('zgpip81atepar005h3pguarae0v0y89v', 'e30:1pRHe5:JgBOfApRjTctr4ea70YN_nAH0_vEXNP4UtNgBv7iGiM', '2023-02-26 19:04:17.027921'),
('zkkslijh4wvq72vvnxpzsllggvwex8or', 'e30:1pa0zx:ls8iEY8__eDJTmIyGJTqLJNKVNsxuqttTpCtIkwuKAA', '2023-03-22 21:06:57.753545'),
('zkzkrzb7gq6w4nnb2ed1en6na7d8sd77', 'e30:1pCJXd:oPq1uXDWZ2TTWePe3wvOq14Fojqdi3IvjnOxs0WwTBc', '2023-01-16 12:03:45.924209'),
('zlik14he5p5jfsompoh08oxocknceb1v', 'e30:1pa0zW:lXBGiLLsE09jdX1WPM8SsqVh394euS8K-Jfv9N4yrIw', '2023-03-22 21:06:30.190303'),
('zn4cahs8bdqtzdnne2maq0so4p3xfy7a', 'e30:1pRfw9:6Q6zOU7Dr77GQ22_gtOZWbXatgraH0bbEiF-Ihu804Q', '2023-02-27 21:00:33.376899'),
('znfsvfnd5rhnuaqadfcxzh3ls8p4w5x5', 'e30:1pU7hG:3xPbZ9hToo92Xi6Ax9uJsdFQz1pyT_M0oY84WyZb6do', '2023-03-06 15:03:18.135113'),
('zolnh8qqxjq5k2qtlkjku00xifevnmyz', 'e30:1pRJL6:qXDCVK1eWpfVKVU-m516WJ9mDx6jKMx2tJBrzIk0B4E', '2023-02-26 20:52:48.003732'),
('zqkczwmk9s3g4g38ynmuaholbjvo5ugw', 'e30:1pd5qU:d2wdQplaQq567HAjO8grvAz9XlYb9WNpS1SJYDIb63Q', '2023-03-31 08:53:54.013630'),
('zssvv84loo8rhkl598ru73p1ovu8ic32', 'e30:1pRLmT:j-R2Xek2PLGo-aap8uw5GQx5Zd4VloIZSAC8qlb6O0Q', '2023-02-26 23:29:13.669429'),
('ztzjxqo2ceoe4smw4o9omvgjitnuj5eb', 'e30:1pZcSH:wwfk4ucbUU9JrKEL0M55F-eh0LltGxDzEGgqf8rV7PI', '2023-03-21 18:54:33.218670'),
('zyjq8ya8nyd5p5hb8xaydfr5yci7wzhr', 'e30:1pciNz:NnPaYOYJfrOfO4LEgEwbTFWvDdJfaTvPSh6ivSoJyFQ', '2023-03-30 07:50:55.662263');

-- --------------------------------------------------------

--
-- Table structure for table `mpesa_api_mpesapayment`
--

CREATE TABLE `mpesa_api_mpesapayment` (
  `id` bigint(20) NOT NULL,
  `merchant_id` varchar(100) NOT NULL,
  `checkout_id` varchar(100) NOT NULL,
  `response` varchar(100) NOT NULL,
  `created_at` datetime(6) NOT NULL,
  `user_id` bigint(20) NOT NULL,
  `updated_at` datetime(6) NOT NULL,
  `order_number` varchar(20) NOT NULL
) ENGINE=InnoDB DEFAULT CHARSET=utf8mb4;

--
-- Dumping data for table `mpesa_api_mpesapayment`
--

INSERT INTO `mpesa_api_mpesapayment` (`id`, `merchant_id`, `checkout_id`, `response`, `created_at`, `user_id`, `updated_at`, `order_number`) VALUES
(1, '32584-4829621-2', 'ws_CO_19112022161639465726646600', 'Success. Request accepted for processing', '2022-11-19 13:16:41.426313', 2, '2022-11-19 13:16:41.426355', '202211191'),
(2, '32273-7025375-1', 'ws_CO_20112022104545339726646600', 'Success. Request accepted for processing', '2022-11-20 07:45:46.381729', 2, '2022-11-20 07:45:46.381771', '202211202'),
(3, '32503-50277413-1', 'ws_CO_20122022110053433720650146', 'Success. Request accepted for processing', '2022-12-20 08:00:57.564960', 2, '2022-12-20 08:00:57.565002', '202212203');

-- --------------------------------------------------------

--
-- Table structure for table `mpesa_api_mpesapaymentcallback`
--

CREATE TABLE `mpesa_api_mpesapaymentcallback` (
  `id` bigint(20) NOT NULL,
  `created_at` datetime(6) NOT NULL,
  `updated_at` datetime(6) NOT NULL,
  `merchant_id` varchar(300) NOT NULL,
  `checkout_id` varchar(300) NOT NULL,
  `result_code` longtext NOT NULL,
  `result_desc` longtext NOT NULL,
  `amount` varchar(300) NOT NULL,
  `receipt_number` longtext NOT NULL,
  `phone_number` longtext NOT NULL,
  `user_id` bigint(20) NOT NULL
) ENGINE=InnoDB DEFAULT CHARSET=utf8mb4;

-- --------------------------------------------------------

--
-- Table structure for table `order_order`
--

CREATE TABLE `order_order` (
  `id` bigint(20) NOT NULL,
  `order_number` varchar(20) NOT NULL,
  `first_name` varchar(50) NOT NULL,
  `last_name` varchar(50) NOT NULL,
  `phone` varchar(15) NOT NULL,
  `email` varchar(50) NOT NULL,
  `county` varchar(50) NOT NULL,
  `subcounty` varchar(50) NOT NULL,
  `order_note` varchar(100) NOT NULL,
  `order_total` double NOT NULL,
  `shipping` double NOT NULL,
  `status` varchar(10) NOT NULL,
  `ip` varchar(20) NOT NULL,
  `is_ordered` tinyint(1) NOT NULL,
  `created_at` datetime(6) NOT NULL,
  `updated_at` datetime(6) NOT NULL,
  `payment_id` bigint(20) DEFAULT NULL,
  `user_id` bigint(20) DEFAULT NULL
) ENGINE=InnoDB DEFAULT CHARSET=utf8mb4;

--
-- Dumping data for table `order_order`
--

INSERT INTO `order_order` (`id`, `order_number`, `first_name`, `last_name`, `phone`, `email`, `county`, `subcounty`, `order_note`, `order_total`, `shipping`, `status`, `ip`, `is_ordered`, `created_at`, `updated_at`, `payment_id`, `user_id`) VALUES
(103, '20230119103', 'Simeon', 'Mwangi', '+254704662432', 'msimeon937@gmail.com', 'Nakuru, Kenya', '', '', 43860, 860, 'New', '127.0.0.1', 0, '2023-01-19 08:52:06.064479', '2023-01-19 08:52:06.072508', NULL, 1),
(104, '20230119104', 'Simeon', 'Mwangi', '+254704662432', 'msimeon937@gmail.com', 'Nakuru, Kenya', '', '', 43860, 860, 'New', '127.0.0.1', 0, '2023-01-19 12:55:07.247521', '2023-01-19 12:55:07.255525', NULL, 1),
(105, '20230119105', 'Simeon', 'Mwangi', '+254704662432', 'msimeon937@gmail.com', 'Nakuru, Kenya', '', '', 43860, 860, 'New', '127.0.0.1', 0, '2023-01-19 12:56:06.979053', '2023-01-19 12:56:06.979053', NULL, 1),
(106, '20230119106', 'Simeon', 'Mwangi', '+254704662432', 'msimeon937@gmail.com', 'Nakuru, Kenya', '', '', 43860, 860, 'New', '127.0.0.1', 0, '2023-01-19 12:56:56.354563', '2023-01-19 12:56:56.362508', NULL, 1),
(107, '20230119107', 'Simeon', 'Mwangi', '+254704662432', 'msimeon937@gmail.com', 'Nakuru, Kenya', '', '', 43860, 860, 'New', '127.0.0.1', 0, '2023-01-19 12:57:46.817352', '2023-01-19 12:57:46.833353', NULL, 1),
(108, '20230119108', 'Simeon', 'Mwangi', '+254704662432', 'msimeon937@gmail.com', 'Nakuru, Kenya', '', '', 43860, 860, 'New', '127.0.0.1', 0, '2023-01-19 12:58:29.343093', '2023-01-19 12:58:29.351120', NULL, 1),
(109, '20230119109', 'Simeon', 'Mwangi', '+254704662432', 'msimeon937@gmail.com', 'Nakuru, Kenya', '', '', 43860, 860, 'New', '127.0.0.1', 0, '2023-01-19 12:59:18.576358', '2023-01-19 12:59:18.584355', NULL, 1),
(110, '20230119110', 'Simeon', 'Mwangi', '+254704662432', 'msimeon937@gmail.com', 'Nakuru, Kenya', '', '', 43860, 860, 'New', '127.0.0.1', 0, '2023-01-19 12:59:58.576921', '2023-01-19 12:59:58.584917', NULL, 1),
(111, '20230119111', 'Simeon', 'Mwangi', '+254704662432', 'msimeon937@gmail.com', 'Nakuru, Kenya', '', '', 43860, 860, 'New', '127.0.0.1', 0, '2023-01-19 13:02:09.914084', '2023-01-19 13:02:09.922027', NULL, 1),
(112, '20230119112', 'Simeon', 'Mwangi', '+254704662432', 'msimeon937@gmail.com', 'Nakuru, Kenya', '', '', 43860, 860, 'New', '127.0.0.1', 0, '2023-01-19 13:05:23.541668', '2023-01-19 13:05:23.550481', NULL, 1),
(113, '20230119113', 'Simeon', 'Mwangi', '+254704662432', 'msimeon937@gmail.com', 'Nakuru, Kenya', '', '', 43860, 860, 'New', '127.0.0.1', 0, '2023-01-19 13:07:08.355697', '2023-01-19 13:07:08.355697', NULL, 1),
(114, '20230119114', 'Simeon', 'Mwangi', '+254704662432', 'msimeon937@gmail.com', 'Nakuru, Kenya', '', '', 43860, 860, 'New', '127.0.0.1', 0, '2023-01-19 13:07:45.895361', '2023-01-19 13:07:45.903305', NULL, 1),
(115, '20230119115', 'Simeon', 'Mwangi', '+254704662432', 'msimeon937@gmail.com', 'Nakuru, Kenya', '', '', 43860, 860, 'New', '127.0.0.1', 0, '2023-01-19 13:08:28.461460', '2023-01-19 13:08:28.461460', NULL, 1),
(116, '20230120116', 'Simeon', 'Mwangi', '+254704662432', 'msimeon937@gmail.com', 'Kasarani Plaza, Thika Road, Nairobi, Kenya', '', '', 60690, 1190, 'New', '127.0.0.1', 0, '2023-01-20 07:31:20.250192', '2023-01-20 07:31:20.413286', NULL, 1),
(117, '20230120117', 'Simeon', 'Mwangi', '+254704662432', 'msimeon937@gmail.com', 'Kasarani Plaza, Thika Road, Nairobi, Kenya', '', '', 60690, 1190, 'New', '127.0.0.1', 0, '2023-01-20 07:34:00.946285', '2023-01-20 07:34:00.951563', NULL, 1),
(118, '20230120118', 'Simeon', 'Mwangi', '+254704662432', 'msimeon937@gmail.com', 'Kasarani Plaza, Thika Road, Nairobi, Kenya', '', '', 60690, 1190, 'New', '127.0.0.1', 0, '2023-01-20 07:41:15.736133', '2023-01-20 07:41:15.741133', NULL, 1),
(119, '20230120119', 'Simeon', 'Mwangi', '+254704662432', 'msimeon937@gmail.com', 'Kasarani Plaza, Thika Road, Nairobi, Kenya', '', '', 60690, 1190, 'New', '127.0.0.1', 0, '2023-01-20 07:44:04.791112', '2023-01-20 07:44:04.800887', NULL, 1),
(120, '20230120120', 'Simeon', 'Mwangi', '+254704662432', 'msimeon937@gmail.com', 'Kasarani Plaza, Thika Road, Nairobi, Kenya', '', '', 60690, 1190, 'New', '127.0.0.1', 0, '2023-01-20 07:45:16.630738', '2023-01-20 07:45:16.640893', NULL, 1),
(121, '20230120121', 'Simeon', 'Mwangi', '+254704662432', 'msimeon937@gmail.com', 'Kasarani Plaza, Thika Road, Nairobi, Kenya', '', '', 60690, 1190, 'New', '127.0.0.1', 0, '2023-01-20 07:48:18.045310', '2023-01-20 07:48:18.050485', NULL, 1),
(122, '20230120122', 'Simeon', 'Mwangi', '+254702109810', 'msimeon937@gmail.com', 'Nakuru Street, Nairobi, Kenya', '', '', 65280, 1280, 'New', '127.0.0.1', 1, '2023-01-20 07:57:18.999449', '2023-01-20 08:14:43.293371', 1, 1),
(123, '20230120123', 'Simeon', 'Mwangi', '+254704662432', 'msimeon937@gmail.com', 'Kansas City, MO, USA', '', '', 45900, 900, 'New', '127.0.0.1', 0, '2023-01-20 09:53:38.104774', '2023-01-20 09:53:38.113777', NULL, 1),
(124, '20230120124', 'Simeon', 'Mwangi', '+254704662432', 'msimeon937@gmail.com', 'Kansas City, MO, USA', '', '', 45900, 900, 'New', '127.0.0.1', 0, '2023-01-20 09:53:55.757870', '2023-01-20 09:53:55.762869', NULL, 1),
(125, '20230120125', 'Simeon', 'Mwangi', '+254704662432', 'msimeon937@gmail.com', 'Kansas City, MO, USA', '', '', 45900, 900, 'New', '127.0.0.1', 0, '2023-01-20 09:54:40.193584', '2023-01-20 09:54:40.199588', NULL, 1),
(126, '20230120126', 'Simeon', 'Mwangi', '+254704662432', 'msimeon937@gmail.com', 'Kansas City, MO, USA', '', '', 45900, 900, 'New', '127.0.0.1', 0, '2023-01-20 09:58:22.556595', '2023-01-20 09:58:22.561454', NULL, 1),
(127, '20230120127', 'Simeon', 'Mwangi', '+254704662432', 'msimeon937@gmail.com', 'Kansas City, MO, USA', '', '', 45900, 900, 'New', '127.0.0.1', 0, '2023-01-20 09:59:26.032085', '2023-01-20 09:59:26.037421', NULL, 1),
(128, '20230123128', 'Simeon', 'Mwangi', '+254704662432', 'msimeon937@gmail.com', 'Nakuru Street, Nairobi, Kenya', '', '', 45900, 900, 'New', '127.0.0.1', 0, '2023-01-23 06:55:29.034898', '2023-01-23 06:55:29.043897', NULL, 1),
(129, '20230123129', 'Simeon', 'Mwangi', '+254704662432', 'msimeon937@gmail.com', 'Nakuru Street, Nairobi, Kenya', '', '', 45900, 900, 'New', '127.0.0.1', 0, '2023-01-23 07:12:12.289618', '2023-01-23 07:12:12.296621', NULL, 1),
(130, '20230123130', 'Simeon', 'Mwangi', '+254704662432', 'msimeon937@gmail.com', 'Nakuru Street, Nairobi, Kenya', '', '', 45900, 900, 'New', '127.0.0.1', 0, '2023-01-23 07:13:49.754439', '2023-01-23 07:13:49.760435', NULL, 1),
(131, '20230123131', 'Simeon', 'Mwangi', '+254704662432', 'msimeon937@gmail.com', 'Nakuru Street, Nairobi, Kenya', '', '', 45900, 900, 'New', '127.0.0.1', 0, '2023-01-23 07:15:01.519240', '2023-01-23 07:15:01.526239', NULL, 1),
(132, '20230123132', 'Simeon', 'Mwangi', '+254704662432', 'msimeon937@gmail.com', 'Nakuru Street, Nairobi, Kenya', '', '', 45900, 900, 'New', '127.0.0.1', 0, '2023-01-23 07:15:48.974407', '2023-01-23 07:15:48.981407', NULL, 1),
(133, '20230123133', 'Simeon', 'Mwangi', '+254704662432', 'msimeon937@gmail.com', 'Nakuru Street, Nairobi, Kenya', '', '', 45900, 900, 'New', '127.0.0.1', 0, '2023-01-23 07:16:15.855366', '2023-01-23 07:16:15.861368', NULL, 1),
(134, '20230123134', 'Simeon', 'Mwangi', '+254704662432', 'msimeon937@gmail.com', 'Nakuru Street, Nairobi, Kenya', '', '', 45900, 900, 'New', '127.0.0.1', 0, '2023-01-23 07:16:35.875378', '2023-01-23 07:16:35.881377', NULL, 1),
(135, '20230123135', 'Simeon', 'Mwangi', '+254704662432', 'msimeon937@gmail.com', 'Nakuru Street, Nairobi, Kenya', '', '', 45900, 900, 'New', '127.0.0.1', 0, '2023-01-23 07:18:06.084502', '2023-01-23 07:18:06.093500', NULL, 1),
(136, '20230123136', 'Simeon', 'Mwangi', '+254704662432', 'msimeon937@gmail.com', 'Kengeri, Bengaluru, Karnataka, India', '', '', 16830, 330, 'New', '127.0.0.1', 0, '2023-01-23 07:47:51.726956', '2023-01-23 07:47:51.734953', NULL, 1),
(137, '20230123137', 'Simeon', 'Mwangi', '+254704662432', 'msimeon937@gmail.com', 'Kasarani, Kenya', '', '', 27030, 530, 'New', '127.0.0.1', 0, '2023-01-23 07:53:22.622666', '2023-01-23 07:53:22.628661', NULL, 1),
(138, '20230123138', 'Simeon', 'Mwangi', '+254704662432', 'msimeon937@gmail.com', 'Kasarani, Kenya', '', '', 27030, 530, 'New', '127.0.0.1', 0, '2023-01-23 08:06:20.791112', '2023-01-23 08:06:20.796110', NULL, 1),
(139, '20230123139', 'Simeon', 'Mwangi', '+254704662432', 'msimeon937@gmail.com', 'Nakodar, Punjab, India', '', '', 16830, 330, 'New', '127.0.0.1', 0, '2023-01-23 08:08:11.759198', '2023-01-23 08:08:11.766194', NULL, 1),
(140, '20230123140', 'Simeon', 'Mwangi', '+254704662432', 'msimeon937@gmail.com', 'Nakuru, Kenya', '', '', 27030, 530, 'New', '127.0.0.1', 0, '2023-01-23 08:21:22.324471', '2023-01-23 08:21:22.328472', NULL, 1),
(141, '20230123141', 'Simeon', 'Mwangi', '+254704662432', 'msimeon937@gmail.com', 'Nakuru, Kenya', '', '', 27030, 530, 'New', '127.0.0.1', 0, '2023-01-23 08:24:38.918492', '2023-01-23 08:24:38.926493', NULL, 1),
(142, '20230123142', 'Simeon', 'Mwangi', '+254704662432', 'msimeon937@gmail.com', 'Nakuru, Kenya', '', '', 27030, 530, 'New', '127.0.0.1', 0, '2023-01-23 08:26:31.865186', '2023-01-23 08:26:31.871185', NULL, 1),
(143, '20230123143', 'Simeon', 'Mwangi', '+254704662432', 'msimeon937@gmail.com', 'Nakuru, Kenya', '', '', 27030, 530, 'New', '127.0.0.1', 0, '2023-01-23 08:29:15.680680', '2023-01-23 08:29:15.883681', NULL, 1),
(144, '20230123144', 'Simeon', 'Mwangi', '+254704662432', 'msimeon937@gmail.com', 'Nakuru, Kenya', '', '', 27030, 530, 'New', '127.0.0.1', 0, '2023-01-23 08:32:10.942283', '2023-01-23 08:32:10.952281', NULL, 1),
(145, '20230123145', 'Simeon', 'Mwangi', '+254704662432', 'msimeon937@gmail.com', 'Nakuru, Kenya', '', '', 27030, 530, 'New', '127.0.0.1', 0, '2023-01-23 08:38:42.034929', '2023-01-23 08:38:42.039927', NULL, 1),
(146, '20230123146', 'Simeon', 'Mwangi', '+254704662432', 'msimeon937@gmail.com', 'Nakuru', '', '', 27030, 530, 'New', '127.0.0.1', 0, '2023-01-23 10:50:10.040393', '2023-01-23 10:50:10.045390', NULL, 1),
(147, '20230123147', 'Simeon', 'Mwangi', '+254704662432', 'msimeon937@gmail.com', 'Nakuru', '', '', 27030, 530, 'New', '127.0.0.1', 0, '2023-01-23 10:51:26.385624', '2023-01-23 10:51:26.390625', NULL, 1),
(148, '20230123148', 'Simeon', 'Mwangi', '+254704662432', 'msimeon937@gmail.com', 'Nakuru', '', '', 27030, 530, 'New', '127.0.0.1', 0, '2023-01-23 10:51:40.905515', '2023-01-23 10:51:40.910515', NULL, 1),
(149, '20230123149', 'Simeon', 'Mwangi', '+254704662432', 'msimeon937@gmail.com', 'Nakuru', '', '', 27030, 530, 'New', '127.0.0.1', 0, '2023-01-23 10:55:03.879234', '2023-01-23 10:55:03.889230', NULL, 1),
(150, '20230123150', 'Simeon', 'Mwangi', '+254704662432', 'msimeon937@gmail.com', 'Nakuru', '', '', 4590, 90, 'New', '127.0.0.1', 0, '2023-01-23 11:02:32.573333', '2023-01-23 11:02:32.576343', NULL, 1),
(151, '20230123151', 'Simeon', 'Mwangi', '+254704662432', 'msimeon937@gmail.com', 'Nakuru', '', '', 4590, 90, 'New', '127.0.0.1', 0, '2023-01-23 11:05:58.546162', '2023-01-23 11:05:58.551163', NULL, 1),
(152, '20230123152', 'Simeon', 'Mwangi', '+254704662432', 'msimeon937@gmail.com', 'Nakuru', '', '', 4590, 90, 'New', '127.0.0.1', 0, '2023-01-23 11:06:47.828754', '2023-01-23 11:06:47.833754', NULL, 1),
(153, '20230123153', 'Simeon', 'Mwangi', '+254704662432', 'msimeon937@gmail.com', 'Nakuru', '', '', 16830, 330, 'New', '127.0.0.1', 0, '2023-01-23 11:11:02.918253', '2023-01-23 11:11:02.922603', NULL, 1),
(154, '20230123154', 'Simeon', 'Mwangi', '+254704662432', 'msimeon937@gmail.com', 'Nakuru Street, Nairobi, Kenya', '', '', 27030, 530, 'New', '127.0.0.1', 0, '2023-01-23 12:29:20.429168', '2023-01-23 12:29:20.437169', NULL, 1),
(155, '20230123155', 'Simeon', 'Mwangi', '+254704662432', 'msimeon937@gmail.com', 'Nakuru - Nairobi Road, Gilgil, Kenya', '', '', 27030, 530, 'New', '127.0.0.1', 0, '2023-01-23 13:03:29.682712', '2023-01-23 13:03:29.688688', NULL, 1),
(156, '20230123156', 'Simeon', 'Mwangi', '+254704662432', 'msimeon937@gmail.com', 'Nakuru Show Ground, Nakuru, Kenya', '', '', 28560, 560, 'New', '127.0.0.1', 0, '2023-01-23 13:07:16.470358', '2023-01-23 13:07:16.476356', NULL, 1),
(157, '20230123157', 'Simeon', 'Mwangi', '+254704662432', 'msimeon937@gmail.com', 'Nakuru Show Ground, Nakuru, Kenya', '', '', 28560, 560, 'New', '127.0.0.1', 0, '2023-01-23 13:09:18.448193', '2023-01-23 13:09:18.458193', NULL, 1),
(158, '20230123158', 'Simeon', 'Mwangi', '+254704662432', 'msimeon937@gmail.com', 'Nakuru Show Ground, Nakuru, Kenya', '', '', 28560, 560, 'New', '127.0.0.1', 0, '2023-01-23 13:10:08.309198', '2023-01-23 13:10:08.314196', NULL, 1),
(159, '20230123159', 'Simeon', 'Mwangi', '+254704662432', 'msimeon937@gmail.com', 'Nakuru Show Ground, Nakuru, Kenya', '', '', 28560, 560, 'New', '127.0.0.1', 0, '2023-01-23 13:10:39.260460', '2023-01-23 13:10:39.265461', NULL, 1),
(160, '20230123160', 'Simeon', 'Mwangi', '+254704662432', 'msimeon937@gmail.com', 'Nakuru Show Ground, Nakuru, Kenya', '', '', 28560, 560, 'New', '127.0.0.1', 0, '2023-01-23 13:13:18.372598', '2023-01-23 13:13:18.382598', NULL, 1),
(161, '20230123161', 'Simeon', 'Mwangi', '+254704662432', 'msimeon937@gmail.com', 'Nakuru Show Ground, Nakuru, Kenya', '', '', 28560, 560, 'New', '127.0.0.1', 0, '2023-01-23 13:16:49.285899', '2023-01-23 13:16:49.290899', NULL, 1),
(162, '20230123162', 'Simeon', 'Mwangi', '+254704662432', 'msimeon937@gmail.com', 'Nakuru Show Ground, Nakuru, Kenya', '', '', 28560, 560, 'New', '127.0.0.1', 0, '2023-01-23 13:17:31.745747', '2023-01-23 13:17:31.755746', NULL, 1),
(163, '20230123163', 'Simeon', 'Mwangi', '+254704662432', 'msimeon937@gmail.com', 'Nakuru Show Ground, Nakuru, Kenya', '', '', 28560, 560, 'New', '127.0.0.1', 0, '2023-01-23 13:18:02.086813', '2023-01-23 13:18:02.096788', NULL, 1),
(164, '20230123164', 'Simeon', 'Mwangi', '+254704662432', 'msimeon937@gmail.com', 'Nakuru Show Ground, Nakuru, Kenya', '', '', 28560, 560, 'New', '127.0.0.1', 0, '2023-01-23 13:18:35.659442', '2023-01-23 13:18:35.669442', NULL, 1),
(165, '20230123165', 'Simeon', 'Mwangi', '+254704662432', 'msimeon937@gmail.com', 'Nakuru Show Ground, Nakuru, Kenya', '', '', 28560, 560, 'New', '127.0.0.1', 0, '2023-01-23 13:19:03.657694', '2023-01-23 13:19:03.662693', NULL, 1),
(166, '20230124166', 'Simeon', 'Mwangi', '+254704662432', 'msimeon937@gmail.com', 'Kasarani Mwiki Road, Nairobi, Kenya', '', '', 28560, 560, 'New', '127.0.0.1', 0, '2023-01-24 08:22:15.578894', '2023-01-24 08:22:15.587993', NULL, 1),
(167, '20230124167', 'Simeon', 'Mwangi', '+254704662432', 'msimeon937@gmail.com', 'Kisima Majongoo, Tanzania', '', '', 28560, 560, 'New', '127.0.0.1', 0, '2023-01-24 11:37:14.466496', '2023-01-24 11:37:14.474495', NULL, 1),
(168, '20230124168', 'Simeon', 'Mwangi', '+254704662432', 'msimeon937@gmail.com', 'Kamareddy, Telangana, India', '', '', 18870, 370, 'New', '127.0.0.1', 0, '2023-01-24 11:45:47.915920', '2023-01-24 11:45:47.923919', NULL, 1),
(169, '20230124169', 'Simeon', 'Mwangi', '+254704662432', 'msimeon937@gmail.com', 'Kamareddy, Telangana, India', '', '', 18870, 370, 'New', '127.0.0.1', 0, '2023-01-24 11:47:58.365017', '2023-01-24 11:47:58.373018', NULL, 1),
(170, '20230124170', 'Simeon', 'Mwangi', '+254704662432', 'msimeon937@gmail.com', 'Karagita, Kenya', '', '', 28560, 560, 'New', '197.237.24.53', 0, '2023-01-24 17:52:56.200296', '2023-01-24 17:52:56.203708', NULL, 1);

-- --------------------------------------------------------

--
-- Table structure for table `order_orderproduct`
--

CREATE TABLE `order_orderproduct` (
  `id` bigint(20) NOT NULL,
  `quantity` int(11) NOT NULL,
  `product_price` double NOT NULL,
  `ordered` tinyint(1) NOT NULL,
  `created_at` datetime(6) NOT NULL,
  `updated_at` datetime(6) NOT NULL,
  `order_id` bigint(20) NOT NULL,
  `payment_id` bigint(20) DEFAULT NULL,
  `product_id` bigint(20) NOT NULL,
  `user_id` bigint(20) NOT NULL
) ENGINE=InnoDB DEFAULT CHARSET=utf8mb4;

--
-- Dumping data for table `order_orderproduct`
--

INSERT INTO `order_orderproduct` (`id`, `quantity`, `product_price`, `ordered`, `created_at`, `updated_at`, `order_id`, `payment_id`, `product_id`, `user_id`) VALUES
(1, 2, 16500, 1, '2023-01-20 08:14:43.303592', '2023-01-20 08:14:43.378403', 122, 1, 41, 1),
(2, 1, 26500, 1, '2023-01-20 08:14:43.398256', '2023-01-20 08:14:43.423385', 122, 1, 42, 1),
(3, 1, 4500, 1, '2023-01-20 08:14:43.443583', '2023-01-20 08:14:43.463743', 122, 1, 38, 1);

-- --------------------------------------------------------

--
-- Table structure for table `order_orderproduct_variations`
--

CREATE TABLE `order_orderproduct_variations` (
  `id` int(11) NOT NULL,
  `orderproduct_id` bigint(20) NOT NULL,
  `variation_id` bigint(20) NOT NULL
) ENGINE=InnoDB DEFAULT CHARSET=utf8mb4;

-- --------------------------------------------------------

--
-- Table structure for table `order_payment`
--

CREATE TABLE `order_payment` (
  `id` bigint(20) NOT NULL,
  `payment_id` varchar(100) NOT NULL,
  `payment_method` varchar(100) NOT NULL,
  `amount_paid` varchar(100) NOT NULL,
  `status` varchar(100) NOT NULL,
  `created_at` datetime(6) NOT NULL,
  `user_id` bigint(20) NOT NULL
) ENGINE=InnoDB DEFAULT CHARSET=utf8mb4;

--
-- Dumping data for table `order_payment`
--

INSERT INTO `order_payment` (`id`, `payment_id`, `payment_method`, `amount_paid`, `status`, `created_at`, `user_id`) VALUES
(1, '1V0063373A028501K', 'PayPal', '65280.0', 'COMPLETED', '2023-01-20 08:14:43.288284', 1);

-- --------------------------------------------------------

--
-- Table structure for table `order_pay_on_delivery`
--

CREATE TABLE `order_pay_on_delivery` (
  `id` bigint(20) NOT NULL,
  `amount_to_pay` varchar(100) NOT NULL,
  `place_of_delivery` varchar(100) NOT NULL,
  `phone` varchar(15) NOT NULL,
  `created_at` datetime(6) NOT NULL,
  `updated_at` datetime(6) NOT NULL,
  `user_id` bigint(20) NOT NULL,
  `order_number_no` varchar(50) NOT NULL,
  `product_details` longtext NOT NULL
) ENGINE=InnoDB DEFAULT CHARSET=utf8mb4;

--
-- Dumping data for table `order_pay_on_delivery`
--

INSERT INTO `order_pay_on_delivery` (`id`, `amount_to_pay`, `place_of_delivery`, `phone`, `created_at`, `updated_at`, `user_id`, `order_number_no`, `product_details`) VALUES
(55, '4500', 'Nakuru', '+254704662432', '2023-01-23 11:06:28.017866', '2023-01-23 11:06:28.017866', 1, '20230123151', ' [Product Name :Office Chairs Fx - Qty :1 - Price :4,500],  '),
(56, '16500', 'Nakuru', '+254704662432', '2023-01-23 11:12:12.373733', '2023-01-23 11:12:12.373733', 1, '20230123153', ' [Product Name :Marble Top Coffee Tables - Qty :1 - Price :16,500],  '),
(57, '26500', 'Nakuru Street, Nairobi, Kenya', '+254704662432', '2023-01-23 12:29:29.794810', '2023-01-23 12:29:29.794810', 1, '20230123154', ' [Product Name :Brown Swings - Qty :1 - Price :26,500],  '),
(58, '26500', 'Nakuru Street, Nairobi, Kenya', '+254704662432', '2023-01-23 13:00:53.356322', '2023-01-23 13:00:53.356322', 1, '20230123154', ' [Product Name :Brown Swings - Qty :1 - Price :26,500],  '),
(59, '26500', 'Nakuru Street, Nairobi, Kenya', '+254704662432', '2023-01-23 13:02:31.459958', '2023-01-23 13:02:31.459958', 1, '20230123154', ' [Product Name :Brown Swings - Qty :1 - Price :26,500],  '),
(60, '26500', 'Nakuru - Nairobi Road, Gilgil, Kenya', '+254704662432', '2023-01-23 13:06:16.264447', '2023-01-23 13:06:16.264447', 1, '20230123155', ' [Product Name :Brown Swings - Qty :1 - Price :26,500],  '),
(61, '28000', 'Nakuru Show Ground, Nakuru, Kenya', '+254704662432', '2023-01-23 13:19:10.095319', '2023-01-23 13:19:10.095319', 1, '20230123165', ' [Product Name :Outdoor Swing - Qty :1 - Price :28,000],  '),
(62, '28000', 'Kasarani Mwiki Road, Nairobi, Kenya', '+254704662432', '2023-01-24 08:22:27.780370', '2023-01-24 08:22:27.780370', 1, '20230124166', ' [Product Name :Outdoor Swing - Qty :1 - Price :28,000],  '),
(63, '28000', 'Kisima Majongoo, Tanzania', '+254704662432', '2023-01-24 11:37:21.794487', '2023-01-24 11:37:21.794487', 1, '20230124167', ' [Product Name :Outdoor Swing - Qty :1 - Price :28,000],  '),
(64, '18500', 'Kamareddy, Telangana, India', '+254704662432', '2023-01-24 11:45:52.179915', '2023-01-24 11:45:52.179915', 1, '20230124168', ' [Product Name :Black Outdoor Chairs - Qty :1 - Price :18,500],  '),
(65, '18500', 'Kamareddy, Telangana, India', '+254704662432', '2023-01-24 11:46:22.721504', '2023-01-24 11:46:22.721504', 1, '20230124168', ' [Product Name :Black Outdoor Chairs - Qty :1 - Price :18,500],  '),
(66, '18500', 'Kamareddy, Telangana, India', '+254704662432', '2023-01-24 11:48:03.141011', '2023-01-24 11:48:03.141011', 1, '20230124169', ' [Product Name :Black Outdoor Chairs - Qty :1 - Price :18,500],  '),
(67, '18500', 'Kamareddy, Telangana, India', '+254704662432', '2023-01-24 11:51:10.933067', '2023-01-24 11:51:10.933067', 1, '20230124169', ' [Product Name :Black Outdoor Chairs - Qty :1 - Price :18,500],  '),
(68, '18500', 'Kamareddy, Telangana, India', '+254704662432', '2023-01-24 11:52:51.341395', '2023-01-24 11:52:51.341395', 1, '20230124169', ' [Product Name :Black Outdoor Chairs - Qty :1 - Price :18,500],  '),
(69, '18500', 'Kamareddy, Telangana, India', '+254704662432', '2023-01-24 11:56:55.892107', '2023-01-24 11:56:55.892107', 1, '20230124169', ' [Product Name :Black Outdoor Chairs - Qty :1 - Price :18,500],  '),
(70, '18500', 'Kamareddy, Telangana, India', '+254704662432', '2023-01-24 11:57:43.827335', '2023-01-24 11:57:43.827335', 1, '20230124169', ' [Product Name :Black Outdoor Chairs - Qty :1 - Price :18,500],  '),
(71, '18500', 'Kamareddy, Telangana, India', '+254704662432', '2023-01-24 12:12:12.396706', '2023-01-24 12:12:12.396706', 1, '20230124169', ' [Product Name :Black Outdoor Chairs - Qty :1 - Price :18,500],  '),
(72, '28000', 'Karagita, Kenya', '+254704662432', '2023-01-24 17:53:36.296355', '2023-01-24 17:53:36.296388', 1, '20230124170', ' [Product Name :Outdoor Swing - Qty :1 - Price :28,000],  ');

-- --------------------------------------------------------

--
-- Table structure for table `order_wishlist`
--

CREATE TABLE `order_wishlist` (
  `id` bigint(20) NOT NULL,
  `quantity` int(11) NOT NULL,
  `created_at` datetime(6) NOT NULL,
  `updated_at` datetime(6) NOT NULL,
  `product_id` bigint(20) NOT NULL,
  `user_id` bigint(20) NOT NULL
) ENGINE=InnoDB DEFAULT CHARSET=utf8mb4;

-- --------------------------------------------------------

--
-- Table structure for table `order_wishlist_variations`
--

CREATE TABLE `order_wishlist_variations` (
  `id` int(11) NOT NULL,
  `wishlist_id` bigint(20) NOT NULL,
  `variation_id` bigint(20) NOT NULL
) ENGINE=InnoDB DEFAULT CHARSET=utf8mb4;

-- --------------------------------------------------------

--
-- Table structure for table `store_marketingimages`
--

CREATE TABLE `store_marketingimages` (
  `id` bigint(20) NOT NULL,
  `image` varchar(255) NOT NULL,
  `on_offer` tinyint(1) NOT NULL,
  `new_product` tinyint(1) NOT NULL,
  `created_at` datetime(6) NOT NULL,
  `updated_at` datetime(6) NOT NULL,
  `large` tinyint(1) NOT NULL,
  `by_category` tinyint(1) NOT NULL
) ENGINE=InnoDB DEFAULT CHARSET=utf8mb4;

--
-- Dumping data for table `store_marketingimages`
--

INSERT INTO `store_marketingimages` (`id`, `image`, `on_offer`, `new_product`, `created_at`, `updated_at`, `large`, `by_category`) VALUES
(1, 'marketing/Sip.png', 0, 0, '2022-11-12 07:21:36.750196', '2022-11-12 07:21:36.750196', 1, 0),
(2, 'marketing/1.png', 1, 0, '2022-11-12 07:58:45.058467', '2022-11-12 07:58:45.058467', 0, 0),
(3, 'marketing/2.png', 1, 0, '2022-11-12 07:58:58.165850', '2022-11-12 07:58:58.165850', 0, 0),
(4, 'marketing/3.png', 1, 0, '2022-11-12 07:59:10.359756', '2022-11-12 07:59:10.359756', 0, 0);

-- --------------------------------------------------------

--
-- Table structure for table `store_product`
--

CREATE TABLE `store_product` (
  `id` bigint(20) NOT NULL,
  `product_name` varchar(200) NOT NULL,
  `slug` varchar(200) NOT NULL,
  `description` longtext NOT NULL,
  `price` int(11) NOT NULL,
  `discount_price` int(11) NOT NULL,
  `photo_main` varchar(100) DEFAULT NULL,
  `stock` int(11) NOT NULL,
  `created_at` datetime(6) NOT NULL,
  `modified_date` datetime(6) NOT NULL,
  `category_id` bigint(20) NOT NULL,
  `sub_category_id` bigint(20) NOT NULL,
  `color_your_world` tinyint(1) NOT NULL,
  `flash_sales` tinyint(1) NOT NULL,
  `in_store_offers` tinyint(1) NOT NULL,
  `most_viewed` tinyint(1) NOT NULL,
  `new_arrival` tinyint(1) NOT NULL
) ENGINE=InnoDB DEFAULT CHARSET=utf8mb4;

--
-- Dumping data for table `store_product`
--

INSERT INTO `store_product` (`id`, `product_name`, `slug`, `description`, `price`, `discount_price`, `photo_main`, `stock`, `created_at`, `modified_date`, `category_id`, `sub_category_id`, `color_your_world`, `flash_sales`, `in_store_offers`, `most_viewed`, `new_arrival`) VALUES
(37, 'Outdoor Swing', 'outdoor-swing', '<p>Waterproof&nbsp;</p>', 28000, 29000, 'photos/products/IMG20221227105236.jpg', 5, '2023-01-02 03:06:18.176727', '2023-01-02 03:06:18.176843', 2, 28, 0, 1, 0, 0, 0),
(38, 'Office Chairs Fx', 'office-chairs-fx', '<p>Durable &amp; comfortable</p>\r\n\r\n<p>Available in black colour only</p>\r\n\r\n<p>&nbsp;</p>', 4500, 5000, 'photos/products/IMG20230102102345.jpg', 19, '2023-01-02 07:55:58.053799', '2023-01-20 08:14:43.478628', 1, 21, 0, 0, 0, 0, 1),
(39, 'Office Visitors Chair', 'office-visitors-chair', '<p>Executive look</p>\r\n\r\n<p>&nbsp;</p>', 17000, 20000, 'photos/products/DG713D-18500_web-scaled.jpg', 5, '2023-01-02 07:57:53.402593', '2023-01-02 07:57:53.402669', 1, 21, 0, 0, 0, 1, 0),
(40, 'Black Outdoor Chairs', 'black-outdoor-chairs', '<p>All weather friendly</p>\r\n\r\n<p>We have various colours&nbsp;</p>\r\n\r\n<p>Metallic structure&nbsp;</p>\r\n\r\n<p>Available in our showroom&nbsp;</p>\r\n\r\n<p>&nbsp;</p>\r\n\r\n<p>&nbsp;</p>\r\n\r\n<p>&nbsp;</p>\r\n\r\n<p>&nbsp;</p>', 18500, 20000, 'photos/products/IMG20230102135621.jpg', 5, '2023-01-02 11:25:24.496997', '2023-01-02 11:25:24.497060', 2, 30, 1, 0, 0, 0, 0),
(41, 'Marble Top Coffee Tables', 'marble-top-coffee-tables', '<p>Comes in two&nbsp;</p>\r\n\r\n<p>Elegance&nbsp;</p>\r\n\r\n<p>Solid marble tops</p>\r\n\r\n<p>&nbsp;</p>', 16500, 18500, 'photos/products/IMG20221230132039.jpg', 3, '2023-01-02 11:39:24.582255', '2023-01-20 08:14:43.383523', 3, 31, 0, 0, 1, 0, 0),
(42, 'Brown Swings', 'brown-swings', '<p>Available&nbsp;</p>', 26500, 28500, 'photos/products/IMG20221221121048.jpg', 9, '2023-01-02 11:40:42.855091', '2023-01-20 08:14:43.433485', 2, 28, 0, 0, 1, 0, 0),
(43, 'Four Drawers Cabinets', 'four-drawers-cabinets', '<p>Each drawer has its key&nbsp;</p>\r\n\r\n<p>Durable&nbsp;</p>', 18500, 20000, 'photos/products/IMG_20221128_071522.jpg', 5, '2023-01-02 11:55:12.457281', '2023-01-02 11:55:12.457325', 1, 22, 0, 0, 0, 1, 0),
(44, 'Coffee Table', 'coffee-table', '<p>Glass top</p>', 20000, 22000, 'photos/products/IMG_20230102_152055.jpg', 5, '2023-01-02 12:23:22.085384', '2023-01-02 12:23:22.085444', 3, 31, 0, 0, 0, 1, 0),
(45, 'Outdoor with 4 Seats Plus an Umbrella', 'outdoor-with-4-seats-plus-an-umbrella', '', 68000, 70000, 'photos/products/1_HgppfP7.jpeg', 100, '2023-03-17 08:54:34.390104', '2023-03-17 08:54:34.390148', 2, 30, 0, 1, 0, 0, 1);

-- --------------------------------------------------------

--
-- Table structure for table `store_productgallery`
--

CREATE TABLE `store_productgallery` (
  `id` bigint(20) NOT NULL,
  `image` varchar(255) NOT NULL,
  `product_id` bigint(20) NOT NULL
) ENGINE=InnoDB DEFAULT CHARSET=utf8mb4;

--
-- Dumping data for table `store_productgallery`
--

INSERT INTO `store_productgallery` (`id`, `image`, `product_id`) VALUES
(2, 'store/products/IMG20221227105254.jpg', 37);

-- --------------------------------------------------------

--
-- Table structure for table `store_reviewrating`
--

CREATE TABLE `store_reviewrating` (
  `id` bigint(20) NOT NULL,
  `subject` varchar(100) NOT NULL,
  `review` longtext NOT NULL,
  `rating` double NOT NULL,
  `ip` varchar(20) NOT NULL,
  `status` tinyint(1) NOT NULL,
  `created_at` datetime(6) NOT NULL,
  `updated_at` datetime(6) NOT NULL,
  `product_id` bigint(20) NOT NULL,
  `user_id` bigint(20) NOT NULL
) ENGINE=InnoDB DEFAULT CHARSET=utf8mb4;

--
-- Dumping data for table `store_reviewrating`
--

INSERT INTO `store_reviewrating` (`id`, `subject`, `review`, `rating`, `ip`, `status`, `created_at`, `updated_at`, `product_id`, `user_id`) VALUES
(3, 'Test', 'luiythj', 2.5, '127.0.0.1', 1, '2023-01-16 08:55:39.744605', '2023-01-16 08:55:57.706952', 41, 1);

-- --------------------------------------------------------

--
-- Table structure for table `store_variation`
--

CREATE TABLE `store_variation` (
  `id` bigint(20) NOT NULL,
  `variation_category` varchar(100) NOT NULL,
  `variation_value` varchar(100) NOT NULL,
  `is_active` tinyint(1) NOT NULL,
  `created_date` datetime(6) NOT NULL,
  `product_id` bigint(20) NOT NULL
) ENGINE=InnoDB DEFAULT CHARSET=utf8mb4;

-- --------------------------------------------------------

--
-- Table structure for table `subcategory_sub_category`
--

CREATE TABLE `subcategory_sub_category` (
  `id` bigint(20) NOT NULL,
  `sub_category_name` varchar(50) NOT NULL,
  `slug` varchar(100) NOT NULL,
  `sub_category_image` varchar(100) NOT NULL,
  `created_at` datetime(6) NOT NULL,
  `category_id` bigint(20) NOT NULL
) ENGINE=InnoDB DEFAULT CHARSET=utf8mb4;

--
-- Dumping data for table `subcategory_sub_category`
--

INSERT INTO `subcategory_sub_category` (`id`, `sub_category_name`, `slug`, `sub_category_image`, `created_at`, `category_id`) VALUES
(20, 'Executive Desks', 'executive-desks', '', '2022-12-31 09:51:31.338974', 1),
(21, 'Office Chairs', 'office-chairs', '', '2022-12-31 09:52:48.056884', 1),
(22, 'Office Cabinets', 'office-cabinets', '', '2022-12-31 09:53:10.205097', 1),
(23, 'Waiting Area Seats', 'waiting-area-seats', '', '2022-12-31 09:53:31.379705', 1),
(24, 'Office Desks', 'office-desks', '', '2022-12-31 09:53:49.471202', 1),
(25, 'Office Carpets', 'office-carpets', '', '2022-12-31 09:54:16.830815', 1),
(26, 'Reception Desks', 'reception-desks', '', '2022-12-31 09:55:28.494795', 1),
(27, 'Office Coffee Table', 'office-coffee-table', '', '2022-12-31 09:56:33.120320', 1),
(28, 'Swings', 'swings', '', '2022-12-31 09:58:50.785589', 2),
(29, 'Outdoor Sofas', 'outdoor-sofas', '', '2022-12-31 19:06:15.011305', 2),
(30, 'Outdoor Chairs', 'outdoor-chairs', '', '2023-01-02 11:18:42.265631', 2),
(31, 'Coffee Tables', 'coffee-tables', '', '2023-01-02 11:27:29.240122', 3),
(32, 'Tv Stands', 'tv-stands', '', '2023-01-02 11:31:38.103888', 3),
(33, 'Dining Sets', 'dining-sets', '', '2023-01-02 11:32:00.745350', 3),
(34, 'Shoe Racks', 'shoe-racks', '', '2023-01-02 11:32:20.028183', 3),
(35, 'Study Tables and Chairs', 'study-tables-and-chairs', '', '2023-01-02 11:32:42.451609', 3),
(36, 'Dressing Tables & Mirrors', 'dressing-tables-mirrors', '', '2023-01-02 11:33:28.553912', 3),
(37, 'Kitchen Cabinets', 'kitchen-cabinets', '', '2023-01-02 11:33:47.548067', 3),
(38, 'Kitchen Counter Seats', 'kitchen-counter-seats', '', '2023-01-02 11:34:11.665127', 3),
(39, 'Beds & Mattresses', 'beds-mattresses', '', '2023-01-02 11:34:33.195876', 3),
(40, 'Living Room Swings', 'living-room-swings', '', '2023-01-02 11:35:09.809347', 3),
(41, 'Kids Study Desks', 'kids-study-desks', '', '2023-01-02 11:35:35.021280', 3);

--
-- Indexes for dumped tables
--

--
-- Indexes for table `accounts_account`
--
ALTER TABLE `accounts_account`
  ADD PRIMARY KEY (`id`),
  ADD UNIQUE KEY `username` (`username`),
  ADD UNIQUE KEY `email` (`email`);

--
-- Indexes for table `accounts_userprofile`
--
ALTER TABLE `accounts_userprofile`
  ADD PRIMARY KEY (`id`),
  ADD UNIQUE KEY `user_id` (`user_id`);

--
-- Indexes for table `auth_group`
--
ALTER TABLE `auth_group`
  ADD PRIMARY KEY (`id`),
  ADD UNIQUE KEY `name` (`name`);

--
-- Indexes for table `auth_group_permissions`
--
ALTER TABLE `auth_group_permissions`
  ADD PRIMARY KEY (`id`),
  ADD UNIQUE KEY `auth_group_permissions_group_id_permission_id_0cd325b0_uniq` (`group_id`,`permission_id`),
  ADD KEY `auth_group_permissio_permission_id_84c5c92e_fk_auth_perm` (`permission_id`);

--
-- Indexes for table `auth_permission`
--
ALTER TABLE `auth_permission`
  ADD PRIMARY KEY (`id`),
  ADD UNIQUE KEY `auth_permission_content_type_id_codename_01ab375a_uniq` (`content_type_id`,`codename`);

--
-- Indexes for table `blog_blogauthor`
--
ALTER TABLE `blog_blogauthor`
  ADD PRIMARY KEY (`id`);

--
-- Indexes for table `blog_blogpost`
--
ALTER TABLE `blog_blogpost`
  ADD PRIMARY KEY (`id`),
  ADD UNIQUE KEY `title` (`title`),
  ADD KEY `blog_blogpost_slug_9e84ade1` (`slug`),
  ADD KEY `blog_blogpost_author_id_ffcc150f_fk_blog_blogauthor_id` (`author_id`);

--
-- Indexes for table `blog_comments`
--
ALTER TABLE `blog_comments`
  ADD PRIMARY KEY (`id`),
  ADD KEY `blog_comments_blog_id_1f77eacd_fk_blog_blogpost_id` (`blog_id`);

--
-- Indexes for table `blog_helpcenter`
--
ALTER TABLE `blog_helpcenter`
  ADD PRIMARY KEY (`id`),
  ADD KEY `blog_helpcenter_user_id_ee3729a7_fk_accounts_account_id` (`user_id`);

--
-- Indexes for table `blog_newsletter`
--
ALTER TABLE `blog_newsletter`
  ADD PRIMARY KEY (`id`);

--
-- Indexes for table `blog_youtubevideo`
--
ALTER TABLE `blog_youtubevideo`
  ADD PRIMARY KEY (`id`);

--
-- Indexes for table `carts_cart`
--
ALTER TABLE `carts_cart`
  ADD PRIMARY KEY (`id`);

--
-- Indexes for table `carts_cartitem`
--
ALTER TABLE `carts_cartitem`
  ADD PRIMARY KEY (`id`),
  ADD KEY `carts_cartitem_user_id_4d21e0d9_fk_accounts_account_id` (`user_id`),
  ADD KEY `carts_cartitem_cart_id_9cb0a756_fk` (`cart_id`),
  ADD KEY `carts_cartitem_product_id_acd010e4_fk` (`product_id`);

--
-- Indexes for table `carts_cartitem_variations`
--
ALTER TABLE `carts_cartitem_variations`
  ADD PRIMARY KEY (`id`),
  ADD UNIQUE KEY `carts_cartitem_variations_cartitem_id_variation_id_5f8efaf5_uniq` (`cartitem_id`,`variation_id`),
  ADD KEY `carts_cartitem_varia_variation_id_ef9f9ee3_fk_store_var` (`variation_id`);

--
-- Indexes for table `category_category`
--
ALTER TABLE `category_category`
  ADD PRIMARY KEY (`id`),
  ADD UNIQUE KEY `slug` (`slug`);

--
-- Indexes for table `contact_contactus`
--
ALTER TABLE `contact_contactus`
  ADD PRIMARY KEY (`id`);

--
-- Indexes for table `contact_socials`
--
ALTER TABLE `contact_socials`
  ADD PRIMARY KEY (`id`);

--
-- Indexes for table `django_admin_log`
--
ALTER TABLE `django_admin_log`
  ADD PRIMARY KEY (`id`),
  ADD KEY `django_admin_log_content_type_id_c4bce8eb_fk_django_co` (`content_type_id`),
  ADD KEY `django_admin_log_user_id_c564eba6_fk_accounts_account_id` (`user_id`);

--
-- Indexes for table `django_content_type`
--
ALTER TABLE `django_content_type`
  ADD PRIMARY KEY (`id`),
  ADD UNIQUE KEY `django_content_type_app_label_model_76bd3d3b_uniq` (`app_label`,`model`);

--
-- Indexes for table `django_migrations`
--
ALTER TABLE `django_migrations`
  ADD PRIMARY KEY (`id`);

--
-- Indexes for table `django_session`
--
ALTER TABLE `django_session`
  ADD PRIMARY KEY (`session_key`),
  ADD KEY `django_session_expire_date_a5c62663` (`expire_date`);

--
-- Indexes for table `mpesa_api_mpesapayment`
--
ALTER TABLE `mpesa_api_mpesapayment`
  ADD PRIMARY KEY (`id`),
  ADD KEY `mpesa_api_mpesapayment_user_id_3b7062fa_fk_accounts_account_id` (`user_id`);

--
-- Indexes for table `mpesa_api_mpesapaymentcallback`
--
ALTER TABLE `mpesa_api_mpesapaymentcallback`
  ADD PRIMARY KEY (`id`),
  ADD KEY `mpesa_api_mpesapayme_user_id_f760499f_fk_accounts_` (`user_id`);

--
-- Indexes for table `order_order`
--
ALTER TABLE `order_order`
  ADD PRIMARY KEY (`id`),
  ADD KEY `order_order_user_id_7cf9bc2b_fk_accounts_account_id` (`user_id`),
  ADD KEY `order_order_payment_id_d8fb3a38_fk` (`payment_id`);

--
-- Indexes for table `order_orderproduct`
--
ALTER TABLE `order_orderproduct`
  ADD PRIMARY KEY (`id`),
  ADD KEY `order_orderproduct_user_id_d5f4875a_fk_accounts_account_id` (`user_id`),
  ADD KEY `order_orderproduct_order_id_18dae3b0_fk` (`order_id`),
  ADD KEY `order_orderproduct_payment_id_13b3c50a_fk` (`payment_id`),
  ADD KEY `order_orderproduct_product_id_54ab3eb7_fk` (`product_id`);

--
-- Indexes for table `order_orderproduct_variations`
--
ALTER TABLE `order_orderproduct_variations`
  ADD PRIMARY KEY (`id`),
  ADD UNIQUE KEY `order_orderproduct_varia_orderproduct_id_variatio_f085dd17_uniq` (`orderproduct_id`,`variation_id`),
  ADD KEY `order_orderproduct_v_variation_id_f6f1a99d_fk_store_var` (`variation_id`);

--
-- Indexes for table `order_payment`
--
ALTER TABLE `order_payment`
  ADD PRIMARY KEY (`id`),
  ADD KEY `order_payment_user_id_51d05b30_fk_accounts_account_id` (`user_id`);

--
-- Indexes for table `order_pay_on_delivery`
--
ALTER TABLE `order_pay_on_delivery`
  ADD PRIMARY KEY (`id`),
  ADD KEY `order_pay_on_delivery_user_id_af492dde_fk_accounts_account_id` (`user_id`);

--
-- Indexes for table `order_wishlist`
--
ALTER TABLE `order_wishlist`
  ADD PRIMARY KEY (`id`),
  ADD KEY `order_wishlist_user_id_100c3c26_fk_accounts_account_id` (`user_id`),
  ADD KEY `order_wishlist_product_id_5e316806_fk` (`product_id`);

--
-- Indexes for table `order_wishlist_variations`
--
ALTER TABLE `order_wishlist_variations`
  ADD PRIMARY KEY (`id`),
  ADD UNIQUE KEY `order_wishlist_variations_wishlist_id_variation_id_d2167472_uniq` (`wishlist_id`,`variation_id`),
  ADD KEY `order_wishlist_varia_variation_id_cf54b083_fk_store_var` (`variation_id`);

--
-- Indexes for table `store_marketingimages`
--
ALTER TABLE `store_marketingimages`
  ADD PRIMARY KEY (`id`);

--
-- Indexes for table `store_product`
--
ALTER TABLE `store_product`
  ADD PRIMARY KEY (`id`),
  ADD UNIQUE KEY `product_name` (`product_name`),
  ADD KEY `store_product_slug_6de8ee4b` (`slug`),
  ADD KEY `store_product_category_id_574bae65_fk` (`category_id`),
  ADD KEY `store_product_sub_category_id_0afd4673_fk` (`sub_category_id`);

--
-- Indexes for table `store_productgallery`
--
ALTER TABLE `store_productgallery`
  ADD PRIMARY KEY (`id`),
  ADD KEY `store_productgallery_product_id_f2821a49_fk` (`product_id`);

--
-- Indexes for table `store_reviewrating`
--
ALTER TABLE `store_reviewrating`
  ADD PRIMARY KEY (`id`),
  ADD KEY `store_reviewrating_user_id_da0ed849_fk_accounts_account_id` (`user_id`),
  ADD KEY `store_reviewrating_product_id_2e1974d6_fk` (`product_id`);

--
-- Indexes for table `store_variation`
--
ALTER TABLE `store_variation`
  ADD PRIMARY KEY (`id`),
  ADD KEY `store_variation_product_id_e4f08cbc_fk` (`product_id`);

--
-- Indexes for table `subcategory_sub_category`
--
ALTER TABLE `subcategory_sub_category`
  ADD PRIMARY KEY (`id`),
  ADD UNIQUE KEY `slug` (`slug`),
  ADD KEY `subcategory_sub_category_category_id_1852cb27_fk` (`category_id`);

--
-- AUTO_INCREMENT for dumped tables
--

--
-- AUTO_INCREMENT for table `accounts_account`
--
ALTER TABLE `accounts_account`
  MODIFY `id` bigint(20) NOT NULL AUTO_INCREMENT, AUTO_INCREMENT=4;

--
-- AUTO_INCREMENT for table `accounts_userprofile`
--
ALTER TABLE `accounts_userprofile`
  MODIFY `id` bigint(20) NOT NULL AUTO_INCREMENT, AUTO_INCREMENT=2;

--
-- AUTO_INCREMENT for table `auth_group`
--
ALTER TABLE `auth_group`
  MODIFY `id` int(11) NOT NULL AUTO_INCREMENT;

--
-- AUTO_INCREMENT for table `auth_group_permissions`
--
ALTER TABLE `auth_group_permissions`
  MODIFY `id` int(11) NOT NULL AUTO_INCREMENT;

--
-- AUTO_INCREMENT for table `auth_permission`
--
ALTER TABLE `auth_permission`
  MODIFY `id` int(11) NOT NULL AUTO_INCREMENT, AUTO_INCREMENT=133;

--
-- AUTO_INCREMENT for table `blog_blogauthor`
--
ALTER TABLE `blog_blogauthor`
  MODIFY `id` bigint(20) NOT NULL AUTO_INCREMENT;

--
-- AUTO_INCREMENT for table `blog_blogpost`
--
ALTER TABLE `blog_blogpost`
  MODIFY `id` bigint(20) NOT NULL AUTO_INCREMENT;

--
-- AUTO_INCREMENT for table `blog_comments`
--
ALTER TABLE `blog_comments`
  MODIFY `id` bigint(20) NOT NULL AUTO_INCREMENT;

--
-- AUTO_INCREMENT for table `blog_helpcenter`
--
ALTER TABLE `blog_helpcenter`
  MODIFY `id` bigint(20) NOT NULL AUTO_INCREMENT;

--
-- AUTO_INCREMENT for table `blog_newsletter`
--
ALTER TABLE `blog_newsletter`
  MODIFY `id` bigint(20) NOT NULL AUTO_INCREMENT;

--
-- AUTO_INCREMENT for table `blog_youtubevideo`
--
ALTER TABLE `blog_youtubevideo`
  MODIFY `id` bigint(20) NOT NULL AUTO_INCREMENT;

--
-- AUTO_INCREMENT for table `carts_cart`
--
ALTER TABLE `carts_cart`
  MODIFY `id` bigint(20) NOT NULL AUTO_INCREMENT, AUTO_INCREMENT=5;

--
-- AUTO_INCREMENT for table `carts_cartitem`
--
ALTER TABLE `carts_cartitem`
  MODIFY `id` bigint(20) NOT NULL AUTO_INCREMENT, AUTO_INCREMENT=2;

--
-- AUTO_INCREMENT for table `carts_cartitem_variations`
--
ALTER TABLE `carts_cartitem_variations`
  MODIFY `id` int(11) NOT NULL AUTO_INCREMENT;

--
-- AUTO_INCREMENT for table `category_category`
--
ALTER TABLE `category_category`
  MODIFY `id` bigint(20) NOT NULL AUTO_INCREMENT, AUTO_INCREMENT=6;

--
-- AUTO_INCREMENT for table `contact_contactus`
--
ALTER TABLE `contact_contactus`
  MODIFY `id` bigint(20) NOT NULL AUTO_INCREMENT;

--
-- AUTO_INCREMENT for table `contact_socials`
--
ALTER TABLE `contact_socials`
  MODIFY `id` bigint(20) NOT NULL AUTO_INCREMENT, AUTO_INCREMENT=7;

--
-- AUTO_INCREMENT for table `django_admin_log`
--
ALTER TABLE `django_admin_log`
  MODIFY `id` int(11) NOT NULL AUTO_INCREMENT, AUTO_INCREMENT=245;

--
-- AUTO_INCREMENT for table `django_content_type`
--
ALTER TABLE `django_content_type`
  MODIFY `id` int(11) NOT NULL AUTO_INCREMENT, AUTO_INCREMENT=34;

--
-- AUTO_INCREMENT for table `django_migrations`
--
ALTER TABLE `django_migrations`
  MODIFY `id` int(11) NOT NULL AUTO_INCREMENT, AUTO_INCREMENT=133;

--
-- AUTO_INCREMENT for table `mpesa_api_mpesapayment`
--
ALTER TABLE `mpesa_api_mpesapayment`
  MODIFY `id` bigint(20) NOT NULL AUTO_INCREMENT, AUTO_INCREMENT=4;

--
-- AUTO_INCREMENT for table `mpesa_api_mpesapaymentcallback`
--
ALTER TABLE `mpesa_api_mpesapaymentcallback`
  MODIFY `id` bigint(20) NOT NULL AUTO_INCREMENT;

--
-- AUTO_INCREMENT for table `order_order`
--
ALTER TABLE `order_order`
  MODIFY `id` bigint(20) NOT NULL AUTO_INCREMENT, AUTO_INCREMENT=171;

--
-- AUTO_INCREMENT for table `order_orderproduct`
--
ALTER TABLE `order_orderproduct`
  MODIFY `id` bigint(20) NOT NULL AUTO_INCREMENT, AUTO_INCREMENT=4;

--
-- AUTO_INCREMENT for table `order_orderproduct_variations`
--
ALTER TABLE `order_orderproduct_variations`
  MODIFY `id` int(11) NOT NULL AUTO_INCREMENT;

--
-- AUTO_INCREMENT for table `order_payment`
--
ALTER TABLE `order_payment`
  MODIFY `id` bigint(20) NOT NULL AUTO_INCREMENT, AUTO_INCREMENT=2;

--
-- AUTO_INCREMENT for table `order_pay_on_delivery`
--
ALTER TABLE `order_pay_on_delivery`
  MODIFY `id` bigint(20) NOT NULL AUTO_INCREMENT, AUTO_INCREMENT=73;

--
-- AUTO_INCREMENT for table `order_wishlist`
--
ALTER TABLE `order_wishlist`
  MODIFY `id` bigint(20) NOT NULL AUTO_INCREMENT;

--
-- AUTO_INCREMENT for table `order_wishlist_variations`
--
ALTER TABLE `order_wishlist_variations`
  MODIFY `id` int(11) NOT NULL AUTO_INCREMENT;

--
-- AUTO_INCREMENT for table `store_marketingimages`
--
ALTER TABLE `store_marketingimages`
  MODIFY `id` bigint(20) NOT NULL AUTO_INCREMENT, AUTO_INCREMENT=5;

--
-- AUTO_INCREMENT for table `store_product`
--
ALTER TABLE `store_product`
  MODIFY `id` bigint(20) NOT NULL AUTO_INCREMENT, AUTO_INCREMENT=46;

--
-- AUTO_INCREMENT for table `store_productgallery`
--
ALTER TABLE `store_productgallery`
  MODIFY `id` bigint(20) NOT NULL AUTO_INCREMENT, AUTO_INCREMENT=3;

--
-- AUTO_INCREMENT for table `store_reviewrating`
--
ALTER TABLE `store_reviewrating`
  MODIFY `id` bigint(20) NOT NULL AUTO_INCREMENT, AUTO_INCREMENT=4;

--
-- AUTO_INCREMENT for table `store_variation`
--
ALTER TABLE `store_variation`
  MODIFY `id` bigint(20) NOT NULL AUTO_INCREMENT;

--
-- AUTO_INCREMENT for table `subcategory_sub_category`
--
ALTER TABLE `subcategory_sub_category`
  MODIFY `id` bigint(20) NOT NULL AUTO_INCREMENT, AUTO_INCREMENT=42;

--
-- Constraints for dumped tables
--

--
-- Constraints for table `accounts_userprofile`
--
ALTER TABLE `accounts_userprofile`
  ADD CONSTRAINT `accounts_userprofile_user_id_92240672_fk` FOREIGN KEY (`user_id`) REFERENCES `accounts_account` (`id`);

--
-- Constraints for table `auth_group_permissions`
--
ALTER TABLE `auth_group_permissions`
  ADD CONSTRAINT `auth_group_permissio_permission_id_84c5c92e_fk_auth_perm` FOREIGN KEY (`permission_id`) REFERENCES `auth_permission` (`id`),
  ADD CONSTRAINT `auth_group_permissions_group_id_b120cbf9_fk_auth_group_id` FOREIGN KEY (`group_id`) REFERENCES `auth_group` (`id`);

--
-- Constraints for table `auth_permission`
--
ALTER TABLE `auth_permission`
  ADD CONSTRAINT `auth_permission_content_type_id_2f476e4b_fk_django_co` FOREIGN KEY (`content_type_id`) REFERENCES `django_content_type` (`id`);

--
-- Constraints for table `blog_blogpost`
--
ALTER TABLE `blog_blogpost`
  ADD CONSTRAINT `blog_blogpost_author_id_ffcc150f_fk` FOREIGN KEY (`author_id`) REFERENCES `blog_blogauthor` (`id`);

--
-- Constraints for table `blog_comments`
--
ALTER TABLE `blog_comments`
  ADD CONSTRAINT `blog_comments_blog_id_1f77eacd_fk` FOREIGN KEY (`blog_id`) REFERENCES `blog_blogpost` (`id`);

--
-- Constraints for table `blog_helpcenter`
--
ALTER TABLE `blog_helpcenter`
  ADD CONSTRAINT `blog_helpcenter_user_id_ee3729a7_fk` FOREIGN KEY (`user_id`) REFERENCES `accounts_account` (`id`);

--
-- Constraints for table `carts_cartitem`
--
ALTER TABLE `carts_cartitem`
  ADD CONSTRAINT `carts_cartitem_cart_id_9cb0a756_fk` FOREIGN KEY (`cart_id`) REFERENCES `carts_cart` (`id`),
  ADD CONSTRAINT `carts_cartitem_product_id_acd010e4_fk` FOREIGN KEY (`product_id`) REFERENCES `store_product` (`id`),
  ADD CONSTRAINT `carts_cartitem_user_id_4d21e0d9_fk` FOREIGN KEY (`user_id`) REFERENCES `accounts_account` (`id`);

--
-- Constraints for table `django_admin_log`
--
ALTER TABLE `django_admin_log`
  ADD CONSTRAINT `django_admin_log_content_type_id_c4bce8eb_fk_django_co` FOREIGN KEY (`content_type_id`) REFERENCES `django_content_type` (`id`),
  ADD CONSTRAINT `django_admin_log_user_id_c564eba6_fk` FOREIGN KEY (`user_id`) REFERENCES `accounts_account` (`id`);

--
-- Constraints for table `mpesa_api_mpesapayment`
--
ALTER TABLE `mpesa_api_mpesapayment`
  ADD CONSTRAINT `mpesa_api_mpesapayment_user_id_3b7062fa_fk` FOREIGN KEY (`user_id`) REFERENCES `accounts_account` (`id`);

--
-- Constraints for table `mpesa_api_mpesapaymentcallback`
--
ALTER TABLE `mpesa_api_mpesapaymentcallback`
  ADD CONSTRAINT `mpesa_api_mpesapaymentcallback_user_id_f760499f_fk` FOREIGN KEY (`user_id`) REFERENCES `accounts_account` (`id`);

--
-- Constraints for table `order_order`
--
ALTER TABLE `order_order`
  ADD CONSTRAINT `order_order_payment_id_d8fb3a38_fk` FOREIGN KEY (`payment_id`) REFERENCES `order_payment` (`id`),
  ADD CONSTRAINT `order_order_user_id_7cf9bc2b_fk` FOREIGN KEY (`user_id`) REFERENCES `accounts_account` (`id`);

--
-- Constraints for table `order_orderproduct`
--
ALTER TABLE `order_orderproduct`
  ADD CONSTRAINT `order_orderproduct_order_id_18dae3b0_fk` FOREIGN KEY (`order_id`) REFERENCES `order_order` (`id`),
  ADD CONSTRAINT `order_orderproduct_payment_id_13b3c50a_fk` FOREIGN KEY (`payment_id`) REFERENCES `order_payment` (`id`),
  ADD CONSTRAINT `order_orderproduct_product_id_54ab3eb7_fk` FOREIGN KEY (`product_id`) REFERENCES `store_product` (`id`),
  ADD CONSTRAINT `order_orderproduct_user_id_d5f4875a_fk` FOREIGN KEY (`user_id`) REFERENCES `accounts_account` (`id`);

--
-- Constraints for table `order_payment`
--
ALTER TABLE `order_payment`
  ADD CONSTRAINT `order_payment_user_id_51d05b30_fk` FOREIGN KEY (`user_id`) REFERENCES `accounts_account` (`id`);

--
-- Constraints for table `order_pay_on_delivery`
--
ALTER TABLE `order_pay_on_delivery`
  ADD CONSTRAINT `order_pay_on_delivery_user_id_af492dde_fk_accounts_account_id` FOREIGN KEY (`user_id`) REFERENCES `accounts_account` (`id`);

--
-- Constraints for table `order_wishlist`
--
ALTER TABLE `order_wishlist`
  ADD CONSTRAINT `order_wishlist_product_id_5e316806_fk` FOREIGN KEY (`product_id`) REFERENCES `store_product` (`id`),
  ADD CONSTRAINT `order_wishlist_user_id_100c3c26_fk` FOREIGN KEY (`user_id`) REFERENCES `accounts_account` (`id`);

--
-- Constraints for table `store_product`
--
ALTER TABLE `store_product`
  ADD CONSTRAINT `store_product_category_id_574bae65_fk` FOREIGN KEY (`category_id`) REFERENCES `category_category` (`id`),
  ADD CONSTRAINT `store_product_sub_category_id_0afd4673_fk` FOREIGN KEY (`sub_category_id`) REFERENCES `subcategory_sub_category` (`id`);

--
-- Constraints for table `store_productgallery`
--
ALTER TABLE `store_productgallery`
  ADD CONSTRAINT `store_productgallery_product_id_f2821a49_fk` FOREIGN KEY (`product_id`) REFERENCES `store_product` (`id`);

--
-- Constraints for table `store_reviewrating`
--
ALTER TABLE `store_reviewrating`
  ADD CONSTRAINT `store_reviewrating_product_id_2e1974d6_fk` FOREIGN KEY (`product_id`) REFERENCES `store_product` (`id`),
  ADD CONSTRAINT `store_reviewrating_user_id_da0ed849_fk` FOREIGN KEY (`user_id`) REFERENCES `accounts_account` (`id`);

--
-- Constraints for table `store_variation`
--
ALTER TABLE `store_variation`
  ADD CONSTRAINT `store_variation_product_id_e4f08cbc_fk` FOREIGN KEY (`product_id`) REFERENCES `store_product` (`id`);

--
-- Constraints for table `subcategory_sub_category`
--
ALTER TABLE `subcategory_sub_category`
  ADD CONSTRAINT `subcategory_sub_category_category_id_1852cb27_fk` FOREIGN KEY (`category_id`) REFERENCES `category_category` (`id`);
COMMIT;

/*!40101 SET CHARACTER_SET_CLIENT=@OLD_CHARACTER_SET_CLIENT */;
/*!40101 SET CHARACTER_SET_RESULTS=@OLD_CHARACTER_SET_RESULTS */;
/*!40101 SET COLLATION_CONNECTION=@OLD_COLLATION_CONNECTION */;
